source,paper_id,title,abstract,authors,year,venue,doi,url,citation_count,publication_date,relevance_status,rejection_reason
semantic_scholar,ae1fe10973e99b8eba001265867af19e47dd9bbf,Leveraging blockchain-integrated explainable artificial intelligence (XAI) for ethical and personalized healthcare decision-making: a framework for secure data sharing and enhanced patient trust,,Abdullah Ayub Khan; R. Ghodhbani; Abdulmajeed Alsufyani; Nawal Alsufyani; Mohamad Afendee Mohamed,2025,Journal of Supercomputing,10.1007/s11227-025-07844-0,https://www.semanticscholar.org/paper/ae1fe10973e99b8eba001265867af19e47dd9bbf,14,2025-09-18,accepted,
semantic_scholar,aa33fb89ceef2e25445cbcbf65cba2ead713ce38,A review of Explainable Artificial Intelligence in healthcare,,Z. Sadeghi; R. Alizadehsani; M. Çifçi; Samina Kausar; Rizwan Rehman; P. Mahanta; P. Bora; Ammar Almasri; Rami Suleiman Alkhawaldeh; Sadiq Hussain; Bilal Alataş; A. Shoeibi; H. Moosaei; Milan Hladík; Saeid Nahavandi; P. Pardalos,2024,Computers & electrical engineering,10.1016/j.compeleceng.2024.109370,https://www.semanticscholar.org/paper/aa33fb89ceef2e25445cbcbf65cba2ead713ce38,505,2024-08-01,accepted,
semantic_scholar,03a9540aa71ee8921d7656e0a78eb08a64f68a94,Towards Transparent Healthcare: Advancing Local Explanation Methods in Explainable Artificial Intelligence,"This paper focuses on the use of local Explainable Artificial Intelligence (XAI) methods, particularly the Local Rule-Based Explanations (LORE) technique, within healthcare and medical settings. It emphasizes the critical role of interpretability and transparency in AI systems for diagnosing diseases, predicting patient outcomes, and creating personalized treatment plans. While acknowledging the complexities and inherent trade-offs between interpretability and model performance, our work underscores the significance of local XAI methods in enhancing decision-making processes in healthcare. By providing granular, case-specific insights, local XAI methods like LORE enhance physicians’ and patients’ understanding of machine learning models and their outcome. Our paper reviews significant contributions to local XAI in healthcare, highlighting its potential to improve clinical decision making, ensure fairness, and comply with regulatory standards.",C. Metta; Andrea Beretta; Roberto Pellungrini; Salvatore Rinzivillo; Fosca Giannotti,2024,Bioengineering,10.3390/bioengineering11040369,https://www.semanticscholar.org/paper/03a9540aa71ee8921d7656e0a78eb08a64f68a94,62,2024-04-01,accepted,
semantic_scholar,6cc7bcd5f0a3fc408c5f4fa97fe638ef03dd7fab,Synergizing advanced algorithm of explainable artificial intelligence with hybrid model for enhanced brain tumor detection in healthcare,"Brain tumor causes life-threatening consequences due to which its timely detection and accurate classification are critical for determining appropriate treatment plans while focusing on the improved patient outcomes. However, conventional approaches of brain tumor diagnosis, such as Magnetic Resonance Imaging (MRI) and Computed Tomography (CT) scans, are often labor-intensive, prone to human error, and completely reliable on expertise of radiologists.Thus, the integration of advanced techniques such as Machine Learning (ML) and Deep Learning (DL) has brought revolution in the healthcare sector due to their supporting features or properties having ability to analyze medical images in recent years, demonstrating great potential for achieving accurate and improved outcomes but also resulted in a few drawbacks due to their black-box nature. As understanding reasoning behind their predictions is still a great challenge for the healthcare professionals and raised a great concern about their trustworthiness, interpretability and transparency in clinical settings. Thus, an advanced algorithm of explainable artificial intelligence (XAI) has been synergized with hybrid model comprising of DenseNet201 network for extracting the most important features based on the input Magnetic resonance imaging (MRI) data following supervised algorithm, support vector machine (SVM) to distinguish distinct types of brain scans. To overcome this, an explainable hybrid framework has been proposed that integrates DenseNet201 for deep feature extraction with a Support Vector Machine (SVM) classifier for robust binary classification. A region-adaptive preprocessing pipeline is used to enhance tumor visibility and feature clarity. To address the need for interpretability, multiple XAI techniques—Grad-CAM, Integrated Gradients (IG), and Layer-wise Relevance Propagation (LRP) have been incorporated. Our comparative evaluation shows that LRP achieves the highest performance across all explainability metrics, with 98.64% accuracy, 0.74 F1-score, and 0.78 IoU. The proposed model provides transparent and highly accurate diagnostic predictions, offering a reliable clinical decision support tool. It achieves 0.9801 accuracy, 0.9223 sensitivity, 0.9909 specificity, 0.9154 precision, and 0.9360 F1-score, demonstrating strong potential for real-world brain tumor diagnosis and personalized treatment strategies.",Kamini Lamba; S. Rani; Mohammad Shabaz,2025,Scientific Reports,10.1038/s41598-025-07524-2,https://www.semanticscholar.org/paper/6cc7bcd5f0a3fc408c5f4fa97fe638ef03dd7fab,14,2025-07-01,accepted,
semantic_scholar,3b54c7037005fbb4e827e8787a024dd18e0dd619,Application of explainable artificial intelligence for healthcare: A systematic review of the last decade (2011-2022),"BACKGROUND AND OBJECTIVES Artificial intelligence (AI) has branched out to various applications in healthcare, such as health services management, predictive medicine, clinical decision-making, and patient data and diagnostics. Although AI models have achieved human-like performance, their use is still limited because they are seen as a black box. This lack of trust remains the main reason for their low use in practice, especially in healthcare. Hence, explainable artificial intelligence (XAI) has been introduced as a technique that can provide confidence in the model's prediction by explaining how the prediction is derived, thereby encouraging the use of AI systems in healthcare. The primary goal of this review is to provide areas of healthcare that require more attention from the XAI research community. METHODS Multiple journal databases were thoroughly searched using PRISMA guidelines 2020. Studies that do not appear in Q1 journals, which are highly credible, were excluded. RESULTS In this review, we surveyed 99 Q1 articles covering the following XAI techniques: SHAP, LIME, GradCAM, LRP, Fuzzy classifier, EBM, CBR, rule-based systems, and others. CONCLUSION We discovered that detecting abnormalities in 1D biosignals and identifying key text in clinical notes are areas that require more attention from the XAI research community. We hope this is review will encourage the development of a holistic cloud system for a smart city.",H. Loh; C. Ooi; S. Seoni; P. Barua; F. Molinari; Usha R. Acharya,2022,Comput. Methods Programs Biomed.,10.1016/j.cmpb.2022.107161,https://www.semanticscholar.org/paper/3b54c7037005fbb4e827e8787a024dd18e0dd619,628,2022-09-01,accepted,
semantic_scholar,bc2efacd0095481378da598b930c1ea8abcb404c,"A survey of explainable artificial intelligence in healthcare: Concepts, applications, and challenges",,Ibomoiye Domor Mienye; G. Obaido; N. Jere; Ebikella Mienye; Kehinde D. Aruleba; Ikiomoye Douglas Emmanuel; B. Ogbuokiri,2024,Informatics in Medicine Unlocked,10.1016/j.imu.2024.101587,https://www.semanticscholar.org/paper/bc2efacd0095481378da598b930c1ea8abcb404c,148,2024-10-01,accepted,
semantic_scholar,747ce5b1d0178cb08dcf48e43f738f1476876ed5,Explainable Artificial Intelligence (XAI): Concepts and Challenges in Healthcare,"Artificial Intelligence (AI) describes computer systems able to perform tasks that normally require human intelligence, such as visual perception, speech recognition, decision-making, and language translation. Examples of AI techniques are machine learning, neural networks, and deep learning. AI can be applied in many different areas, such as econometrics, biometry, e-commerce, and the automotive industry. In recent years, AI has found its way into healthcare as well, helping doctors make better decisions (“clinical decision support”), localizing tumors in magnetic resonance images, reading and analyzing reports written by radiologists and pathologists, and much more. However, AI has one big risk: it can be perceived as a “black box”, limiting trust in its reliability, which is a very big issue in an area in which a decision can mean life or death. As a result, the term Explainable Artificial Intelligence (XAI) has been gaining momentum. XAI tries to ensure that AI algorithms (and the resulting decisions) can be understood by humans. In this narrative review, we will have a look at some central concepts in XAI, describe several challenges around XAI in healthcare, and discuss whether it can really help healthcare to advance, for example, by increasing understanding and trust. Finally, alternatives to increase trust in AI are discussed, as well as future research possibilities in the area of XAI.",Tim Hulsen,2023,Applied Informatics,10.3390/ai4030034,https://www.semanticscholar.org/paper/747ce5b1d0178cb08dcf48e43f738f1476876ed5,231,2023-08-10,accepted,
semantic_scholar,a7cba054110883abe703bb759e869e297e90c7f4,The enlightening role of explainable artificial intelligence in medical & healthcare domains: A systematic literature review,"In domains such as medical and healthcare, the interpretability and explainability of machine learning and artificial intelligence systems are crucial for building trust in their results. Errors caused by these systems, such as incorrect diagnoses or treatments, can have severe and even life-threatening consequences for patients. To address this issue, Explainable Artificial Intelligence (XAI) has emerged as a popular area of research, focused on understanding the black-box nature of complex and hard-to-interpret machine learning models. While humans can increase the accuracy of these models through technical expertise, understanding how these models actually function during training can be difficult or even impossible. XAI algorithms such as Local Interpretable Model-Agnostic Explanations (LIME) and SHapley Additive exPlanations (SHAP) can provide explanations for these models, improving trust in their predictions by providing feature importance and increasing confidence in the systems. Many articles have been published that propose solutions to medical problems by using machine learning models alongside XAI algorithms to provide interpretability and explainability. In our study, we identified 454 articles published from 2018-2022 and analyzed 93 of them to explore the use of these techniques in the medical domain.",Subhan Ali; Filza Akhlaq; A. Imran; Zenun Kastrati; Sher Muhammad Daudpota; Muhammad Moosa,2023,Comput. Biol. Medicine,10.1016/j.compbiomed.2023.107555,https://www.semanticscholar.org/paper/a7cba054110883abe703bb759e869e297e90c7f4,327,2023-10-01,accepted,
semantic_scholar,e78cb101db209a389485792a06c3ec4e86ccc1c8,"A Review on Explainable Artificial Intelligence for Healthcare: Why, How, and When?","Artificial intelligence (AI) models are increasingly finding applications in the field of medicine. Concerns have been raised about the explainability of the decisions that are made by these AI models. In this article, we give a systematic analysis of explainable artificial intelligence (XAI), with a primary focus on models that are currently being used in the field of healthcare. The literature search is conducted following the preferred reporting items for systematic reviews and meta-analyses standards for relevant work published from 1 January 2012 to 2 February 2022. The review analyzes the prevailing trends in XAI and lays out the major directions in which research is headed. We investigate the why, how, and when of the uses of these XAI models and their implications. We present a comprehensive examination of XAI methodologies as well as an explanation of how a trustworthy AI can be derived from describing AI models for healthcare fields. The discussion of this work will contribute to the formalization of the XAI field.",M. Rubaiyat; Hossain Mondal; Prajoy Podder; Subrato Bharati,2023,IEEE Transactions on Artificial Intelligence,10.1109/TAI.2023.3266418,https://www.semanticscholar.org/paper/e78cb101db209a389485792a06c3ec4e86ccc1c8,160,2023-04-10,accepted,
semantic_scholar,f975e61108df93736dc63e50b4a132b7023b0ccd,Essential properties and explanation effectiveness of explainable artificial intelligence in healthcare: A systematic review,"Background Significant advancements in the field of information technology have influenced the creation of trustworthy explainable artificial intelligence (XAI) in healthcare. Despite improved performance of XAI, XAI techniques have not yet been integrated into real-time patient care. Objective The aim of this systematic review is to understand the trends and gaps in research on XAI through an assessment of the essential properties of XAI and an evaluation of explanation effectiveness in the healthcare field. Methods A search of PubMed and Embase databases for relevant peer-reviewed articles on development of an XAI model using clinical data and evaluating explanation effectiveness published between January 1, 2011, and April 30, 2022, was conducted. All retrieved papers were screened independently by the two authors. Relevant papers were also reviewed for identification of the essential properties of XAI (e.g., stakeholders and objectives of XAI, quality of personalized explanations) and the measures of explanation effectiveness (e.g., mental model, user satisfaction, trust assessment, task performance, and correctability). Results Six out of 882 articles met the criteria for eligibility. Artificial Intelligence (AI) users were the most frequently described stakeholders. XAI served various purposes, including evaluation, justification, improvement, and learning from AI. Evaluation of the quality of personalized explanations was based on fidelity, explanatory power, interpretability, and plausibility. User satisfaction was the most frequently used measure of explanation effectiveness, followed by trust assessment, correctability, and task performance. The methods of assessing these measures also varied. Conclusion XAI research should address the lack of a comprehensive and agreed-upon framework for explaining XAI and standardized approaches for evaluating the effectiveness of the explanation that XAI provides to diverse AI stakeholders.",Jinsun Jung; Hyung-Mok Lee; Hyunggu Jung; Hyeoneui Kim,2023,Heliyon,10.1016/j.heliyon.2023.e16110,https://www.semanticscholar.org/paper/f975e61108df93736dc63e50b4a132b7023b0ccd,79,2023-05-01,accepted,
semantic_scholar,20c02c51420a69ae39b74d8d73148417819dacc1,Interpreting Black-Box Models: A Review on Explainable Artificial Intelligence,"Recent years have seen a tremendous growth in Artificial Intelligence (AI)-based methodological development in a broad range of domains. In this rapidly evolving field, large number of methods are being reported using machine learning (ML) and Deep Learning (DL) models. Majority of these models are inherently complex and lacks explanations of the decision making process causing these models to be termed as 'Black-Box'. One of the major bottlenecks to adopt such models in mission-critical application domains, such as banking, e-commerce, healthcare, and public services and safety, is the difficulty in interpreting them. Due to the rapid proleferation of these AI models, explaining their learning and decision making process are getting harder which require transparency and easy predictability. Aiming to collate the current state-of-the-art in interpreting the black-box models, this study provides a comprehensive analysis of the explainable AI (XAI) models. To reduce false negative and false positive outcomes of these back-box models, finding flaws in them is still difficult and inefficient. In this paper, the development of XAI is reviewed meticulously through careful selection and analysis of the current state-of-the-art of XAI research. It also provides a comprehensive and in-depth evaluation of the XAI frameworks and their efficacy to serve as a starting point of XAI for applied and theoretical researchers. Towards the end, it highlights emerging and critical issues pertaining to XAI research to showcase major, model-specific trends for better explanation, enhanced transparency, and improved prediction accuracy.",Vikas Hassija; V. Chamola; Atmesh Mahapatra; Abhinandan Singal; D. Goel; Kaizhu Huang; Simone Scardapane; Indro Spinelli; Mufti Mahmud; Amir Hussain,2023,Cognitive Computation,10.1007/s12559-023-10179-8,https://www.semanticscholar.org/paper/20c02c51420a69ae39b74d8d73148417819dacc1,1786,2023-08-24,accepted,
semantic_scholar,1d5831e7b535d4a26efcc730c92bf6e964d602ba,Explainable Artificial Intelligence (XAI) in Healthcare: Enhancing Transparency and Trust,"Artificial Intelligence has now taken a full-fledged role in healthcare and has started driving innovations not only in diagnostics and treatment planning but also in patient monitoring and operational efficiency. This will enable complex medical data analysis, extracting patterns and insights that no human is capable of. However, most of these models are per se opaque-that is, the so-called ""black-box"" problem-there are still great challenges in areas such as transparency, trust, and ethical applications in a clinical setting. This lack of interpretability can stand in the way of acceptance or integration for AI technologies when issues of understanding and accountability are relevant. Explainable AI solves these problems by making real artificial intelligence decisions understand the decisions made to humans. XAI techniques offer well-understandable and interpretable explanations of the models with minimum degradations in performance. This review article explains in detail the critical role of XAI in healthcare, underpinning how this field can bring more transparency into AI applications. We explain some of the current methods of XAI: model-agnostic techniques like LIME and SHAP, interpretable models relating to decision trees and linear models, and visualization techniques like saliency maps and mechanisms of attention.",Jaishankar Inukonda; Vidya Rajasekhara Reddy Tetala; Jayanna Hallur,2024,International Journal For Multidisciplinary Research,10.36948/ijfmr.2024.v06i06.30010,https://www.semanticscholar.org/paper/1d5831e7b535d4a26efcc730c92bf6e964d602ba,25,2024-11-06,accepted,
semantic_scholar,946485ed9eba9af9528ef9bbc5ccac97346f12f0,A Novel Approach of Brain-Computer Interfacing (BCI) and Grad-CAM Based Explainable Artificial Intelligence: Use Case Scenario for Smart Healthcare.,"BACKGROUND In order to push the frontiers of brain-computer interface (BCI) and neuron-electronics, this research presents a novel framework that combines cutting-edge technologies for improved brain-related diagnostics in smart healthcare. This research offers a ground-breaking application of transparent strategies to BCI, promoting openness and confidence in brain-computer interactions and taking inspiration from Grad-CAM (Gradient-weighted Class Activation Mapping) based Explainable Artificial Intelligence (XAI) methodology. The landscape of healthcare diagnostics is about to be redefined by the integration of various technologies, especially when it comes to illnesses related to the brain. NEW METHOD A novel approach has been proposed in this study comprising of Xception architecture which is trained on imagenet database following transfer learning process for extraction of significant features from magnetic resonance imaging dataset acquired from publicly available distinct sources as an input and linear support vector machine has been used for distinguishing distinct classes.Afterwards, gradient-weighted class activation mapping has been deployed as the foundation for explainable artificial intelligence (XAI) for generating informative heatmaps, representing spatial localization of features which were focused to achieve model's predictions. RESULTS Thus, the proposed model not only provides accurate outcomes but also provides transparency for the predictions generated by the Xception network to diagnose presence of abnormal tissues and avoids overfitting issues. Hyperparameters along with performance-metrics are also obtained while validating the proposed network on unseen brain MRI scans to ensure effectiveness of the proposed network. COMPARISON WITH EXISTING METHODS AND CONCLUSIONS The integration of Grad-CAM based explainable artificial intelligence with deep neural network namely Xception offers a significant impact in diagnosing brain tumor disease while highlighting the specific regions of input brain MRI images responsible for making predictions. In this study, the proposed network results in 98.92% accuracy, 98.15% precision, 99.09% sensitivity, 98.18% specificity and 98.91% dice-coefficient while identifying presence of abnormal tissues in the brain. Thus, Xception model trained on distinct dataset following transfer learning process offers remarkable diagnostic accuracy and linear support vector act as a classifier to provide efficient classification among distinct classes. In addition, the deployed explainable artificial intelligence approach helps in revealing the reasoning behind predictions made by deep neural network having black-box nature and provides a clear perspective to assist medical experts in achieving trustworthiness and transparency while diagnosing brain tumor disease in the smart healthcare.",Kamini Lamba; S. Rani,2024,Journal of Neuroscience Methods,10.1016/j.jneumeth.2024.110159,https://www.semanticscholar.org/paper/946485ed9eba9af9528ef9bbc5ccac97346f12f0,18,2024-05-01,accepted,
semantic_scholar,ff4956abc7d5afbe5f9ac68f3c536567c26773c2,"A Systematic Review of Trustworthy and Explainable Artificial Intelligence in Healthcare: Assessment of Quality, Bias Risk, and Data Fusion",,A. Albahri; Ali M. Duhaim; M. Fadhel; A. Alnoor; Noor S. Baqer; Laith Alzubaidi; O. Albahri; A. Alamoodi; Jinshuai Bai; Asma Salhi; José I. Santamaría; Chun Ouyang; Ashish Gupta; Yuantong Gu; Muhammet Deveci,2023,Information Fusion,10.1016/j.inffus.2023.03.008,https://www.semanticscholar.org/paper/ff4956abc7d5afbe5f9ac68f3c536567c26773c2,410,2023-03-01,accepted,
semantic_scholar,068186a0da96ce2c1437a971d08817dd54980116,Explainable Artificial Intelligence in Healthcare,"Explainable Artificial Intelligence (XAI) is increasingly recognized as a vital component in the deployment of AI systems within healthcare settings. This abstract synthesizes findings from fifteen research papers investigating the prevalence, detection methods, and implications of XAI in healthcare. The review highlights the growing interest in XAI applications among healthcare professionals, emphasizing the importance of interpretability in medical decision-making. Various detection methods, including rule-based approaches and machine learning interpretability techniques, are explored, illustrating the diversity of strategies employed to enhance AI transparency. Furthermore, the review examines the ethical implications of XAI in healthcare, addressing concerns surrounding accountability, bias mitigation, and patient privacy. By synthesizing findings from multiple studies, this abstract provides insights into the integration of XAI technologies in healthcare, contributing to the ongoing discourse on ensuring transparency, trust, and ethical considerations in AI-driven medical practices.",,2024,International Journal For Multidisciplinary Research,10.36948/ijfmr.2024.v06i02.18735,https://www.semanticscholar.org/paper/068186a0da96ce2c1437a971d08817dd54980116,5,2024-04-30,accepted,
semantic_scholar,a1b5e4b4a430058e33498e4d842734344d1fb7f9,The role of explainable artificial intelligence in disease prediction: a systematic literature review and future research directions,"Explainable Artificial Intelligence (XAI) enhances transparency and interpretability in AI models, which is crucial for trust and accountability in healthcare. A potential application of XAI is disease prediction using various data modalities. This study conducts a Systematic Literature Review (SLR) following the PRISMA protocol, synthesizing findings from 30 selected studies to examine XAI’s evolving role in disease prediction. It explores commonly used XAI methods, such as Shapley Additive Explanations (SHAP) and Local Interpretable Model-agnostic Explanations (LIME), and their impact across medical fields in disease prediction. The review highlights key gaps, including limited dataset diversity, model complexity, and reliance on single data types, emphasizing the need for greater interpretability and data integration. Addressing these issues is crucial for advancing AI in healthcare. This study contributes by outlining current challenges and potential solutions, suggesting directions for future research to develop more reliable and robust XAI methods.",Razan Alkhanbouli; Hour Matar Abdulla Almadhaani; Farah Alhosani; M. Simsekler,2025,BMC Medical Informatics and Decision Making,10.1186/s12911-025-02944-6,https://www.semanticscholar.org/paper/a1b5e4b4a430058e33498e4d842734344d1fb7f9,178,2025-03-04,accepted,
semantic_scholar,11208cbc06ce190e0821cef5182584b17cc19f15,"A comprehensive review of explainable artificial intelligence in healthcare methods, evaluation, and clinical integration","Explainable artificial intelligence (XAI) is essential for healthcare trust, yet a substantial gap persists between XAI techniques and actual clinical adoption. This review addresses this gap by framing clinical integration through three complementary lenses. First, we introduce a three-dimensional XAI classification framework—property, dependency, and scope—that moves beyond descriptive cataloging and serves as a practical guide for matching XAI approaches to specific clinical tasks. Second, we propose an integrated evaluation system that balances technical robustness, including fidelity, with measures of clinical utility such as workflow alignment and clinician confidence. Third, we analyze the divergent and often competing needs of key stakeholder groups to produce a role-characteristic mapping that clarifies what constitutes meaningful explainability in different clinical contexts. By positioning clinical integration as the center, this review outlines a pathway for translating XAI from methodological innovation to a dependable component of clinical decision support.",Kai Zhang; Dongqi Wang; Fuxin Lin; Jue Xie; Weihua Zhou,2026,iScience,10.1016/j.isci.2026.115026,https://www.semanticscholar.org/paper/11208cbc06ce190e0821cef5182584b17cc19f15,14,2026-02-01,accepted,
semantic_scholar,1fa9eac98094fce735727c4ff0391448a4038b97,Explainable Artificial Intelligence in Healthcare -A Review,"This study focuses on the application of Explainable Artificial Intelligence (XAI) in Stroke, heart attack and cancer prediction, highlighting the importance of XAI. This technology helps users to clearly understand the reason behind detection, prediction and classification. XAI further enhances the capabilities of these models ensuring that their predictions are accurate but also transparent, interpretable, and actionable. This paper explores recent research and developments in XAI Applications for three healthcare domains. It also examines the algorithm, datasets, and accuracy achieved, shedding light on how XAI has improved the accuracy and trustworthiness of predictive models. This study thoroughly analyses Explainable AI’s effect on healthcare, delivering insightful information about how XAI is changing the field of predictive medicine and enhancing patient outcomes and healthcare decision-making.",Ishwarya S; A. S. Pillai,2024,International Congress on Information and Communication Technology,10.1109/ICICT60155.2024.10544745,https://www.semanticscholar.org/paper/1fa9eac98094fce735727c4ff0391448a4038b97,5,2024-04-24,accepted,
semantic_scholar,4d97eefb9efbc39f91922337a90403eb88c2ace7,An Overview for Trustworthy and Explainable Artificial Intelligence in Healthcare,"Recently, the increased use of artificial intelligence in healthcare has significantly changed the developments in the field of medicine. Medical centres have adopted AI applications and used it in many applications to predict disease diagnosis and reduce health risks in a predetermined way. In addition to Artificial Intelligence (AI) techniques for processing data and understanding the results of this data, Explainable Artificial Intelligence (XAI) techniques have also gained an important place in the healthcare sector. In this study, reliable and explainable artificial intelligence studies in the field of healthcare were investigated and the blockchain framework, one of the latest technologies in the field of reliability, was examined. Many researchers have used blockchain technology in the healthcare industry to exchange information between laboratories, hospitals, pharmacies, and doctors and to protect patient data. In our study, firstly, the studies whose keywords were XAI and Trustworthy Artificial Intelligence were examined, and then, among these studies, priority was given to current articles using Blockchain technology. Combining the existing methods and results of previous studies and organizing these studies, our study presented a general framework obtained from the reviewed articles. Obtaining this framework from current studies will be beneficial for future studies of both academics and scientists.",Kübra Arslanoğlu; Mehmet Karaköse,2024,International Conference on Information Technology,10.1109/IT61232.2024.10475733,https://www.semanticscholar.org/paper/4d97eefb9efbc39f91922337a90403eb88c2ace7,4,2024-02-21,accepted,
semantic_scholar,47ead100d2f049e0b32fd1a449e23d10176a8c38,Explainable Artificial Intelligence in Neuroimaging of Alzheimer’s Disease,"Alzheimer’s disease (AD) remains a significant global health challenge, affecting millions worldwide and imposing substantial burdens on healthcare systems. Advances in artificial intelligence (AI), particularly in deep learning and machine learning, have revolutionized neuroimaging-based AD diagnosis. However, the complexity and lack of interpretability of these models limit their clinical applicability. Explainable Artificial Intelligence (XAI) addresses this challenge by providing insights into model decision-making, enhancing transparency, and fostering trust in AI-driven diagnostics. This review explores the role of XAI in AD neuroimaging, highlighting key techniques such as SHAP, LIME, Grad-CAM, and Layer-wise Relevance Propagation (LRP). We examine their applications in identifying critical biomarkers, tracking disease progression, and distinguishing AD stages using various imaging modalities, including MRI and PET. Additionally, we discuss current challenges, including dataset limitations, regulatory concerns, and standardization issues, and propose future research directions to improve XAI’s integration into clinical practice. By bridging the gap between AI and clinical interpretability, XAI holds the potential to refine AD diagnostics, personalize treatment strategies, and advance neuroimaging-based research.",Mahdieh Taiyeb Khosroshahi; Soroush Morsali; Sohrab Gharakhanlou; A. Motamedi; Saeid Hassanbaghlou; Hadi Vahedi; Siamak Pedrammehr; H. M. D. Kabir; Ali Jafarizadeh,2025,Diagnostics,10.3390/diagnostics15050612,https://www.semanticscholar.org/paper/47ead100d2f049e0b32fd1a449e23d10176a8c38,62,2025-03-01,accepted,
semantic_scholar,2a0f189edcf522d8568f8fbe32373a17cb77cb57,A Systematic Review of Human-Computer Interaction and Explainable Artificial Intelligence in Healthcare with Artificial Intelligence Techniques,"Artificial intelligence (AI) is one of the emerging technologies. In recent decades, artificial intelligence (AI) has gained widespread acceptance in a variety of fields, including virtual support, healthcare, and security. Human-Computer Interaction (HCI) is a field that has been combining AI and human-computer engagement over the past several years in order to create an interactive intelligent system for user interaction. AI, in conjunction with HCI, is being used in a variety of fields by employing various algorithms and employing HCI to provide transparency to the user, allowing them to trust the machine. The comprehensive examination of both the areas of AI and HCI, as well as their subfields, has been explored in this work. The main goal of this article was to discover a point of intersection between the two fields. The understanding of Explainable Artificial Intelligence (XAI), which is a linking point of HCI and XAI, was gained through a literature review conducted in this research. The literature survey encompassed themes identified in the literature (such as XAI and its areas, major XAI aims, and XAI problems and challenges). The study’s other major focus was on the use of AI, HCI, and XAI in healthcare. The poll also addressed the shortcomings in XAI in healthcare, as well as the field’s future potential. As a result, the literature indicates that XAI in healthcare is still a novel subject that has to be explored more in the future.",Mobeen Nazar; M. Alam; Eiad Yafi; M. M. Su'ud,2021,IEEE Access,10.1109/ACCESS.2021.3127881,https://www.semanticscholar.org/paper/2a0f189edcf522d8568f8fbe32373a17cb77cb57,199,,accepted,
semantic_scholar,856df8680f47da9b267b896fcdfdf0fb010f73e4,"Explainable Artificial Intelligence in Healthcare: Current Landscape, Challenges, and Future Directions","Artificial Intelligence (AI), particularly Machine Learning (ML) and Deep Learning (DL), is transforming healthcare by enabling improved diagnosis, prognosis, and personalized treatments. However, the opacity of many AI models operates as “black boxes,” limiting interperability, clinician trust, and real‐world adoption. Explainable Artificial Intelligence (XAI) has emerged to address these limitations by providing transparent and actionable insights. This systematic review aims to synthesize the current evidence on XAI in healthcare, mapping AI models to XAI techniques, domains, and clinical applications.",Md Abu Bokkor Shiddik,2026,Health Science Reports,10.1002/hsr2.72172,https://www.semanticscholar.org/paper/856df8680f47da9b267b896fcdfdf0fb010f73e4,5,2026-03-01,accepted,
semantic_scholar,682d9147abcd9a7b1bd536dcdbf2319a75529c54,Explainable Artificial Intelligence for Predictive Modeling in Healthcare,"The principle behind artificial intelligence is mimicking human intelligence in the way that it can perform tasks, recognize patterns, or predict outcomes through learning from the acquired data of various sources. Artificial intelligence and machine learning algorithms have been widely used in autonomous driving, recommender systems in electronic commerce and social media, fintech, natural language understanding, and question answering systems. Artificial intelligence is also gradually changing the landscape of healthcare research (Yu et al. in Biomed Eng 2:719–731, 25). The rule-based approach that relied on the curation of medical knowledge and the construction of robust decision rules had drawn significant attention in diagnosing diseases and clinical decision support since half a century ago. In recent years, machine learning algorithms such as deep learning that can account for complex interactions between features is shown to be promising in predictive modeling in healthcare (Deo in Circulation 132:1920–1930, 26). Although many of these artificial intelligence and machine learning algorithms can achieve remarkably high performance, it is often difficult to be completely adopted in practical clinical environments due to the lack of explainability in some of these algorithms. Explainable artificial intelligence (XAI) is emerging to assist in the communication of internal decisions, behavior, and actions to health care professionals. Through explaining the prediction outcomes, XAI gains the trust of the clinicians as they may learn how to apply the predictive modeling in practical situations instead of blindly following the predictions. There are still many scenarios to explore how to make XAI effective in clinical settings due to the complexity of medical knowledge.",Christopher C. Yang,2022,Journal of Healthcare Informatics Research,10.1007/s41666-022-00114-1,https://www.semanticscholar.org/paper/682d9147abcd9a7b1bd536dcdbf2319a75529c54,205,2022-02-11,accepted,
semantic_scholar,b89fc2186636ef33f09a1a34315227286a70197b,A Literature Review on Applications of Explainable Artificial Intelligence (XAI),"As AI technologies, particularly deep learning models, have advanced, their inherent “black box” nature has raised significant concerns regarding accountability, fairness, and trust, especially in critical domains such as healthcare, finance, and criminal justice. We present a detailed exploration of XAI, emphasizing its essential role in improving the interpretability and transparency of complex AI systems in various application domains. Health-related applications were notably using XAI, emphasizing diagnostics, and medical imaging. Other notable domains of use of XAI is encompassed environmental and agricultural management, industrial optimization, cybersecurity, finance, transportation, and social media. Furthermore, nascent applications in law, education, and social care underscore the growing influence of XAI. The analysis indicates a prevalent application of local explanation techniques, especially SHAP and LIME, with a preference for SHAP due to its stability and mathematical assurances. Each technique is analysed for its strengths and limitations in providing clear, actionable insights into model decision-making processes, thereby aiding stakeholders in understanding AI behaviour. Ultimately, this document underscores the critical challenges for XAI in fostering user trust, enhancing decision-making processes, and ensuring that AI technologies are utilized responsibly and ethically across various applications, paving the way for a more transparent and accountable AI landscape. We believe that by serving as a guide for future studies in the area, our systematic review contributes to the body of literature on XAI.",Khushi Kalasampath; K. N. Spoorthi; S. Sajeev; Sahil Sarma Kuppa; Kavya Ajay; Angulakshmi Maruthamuthu,2025,IEEE Access,10.1109/ACCESS.2025.3546681,https://www.semanticscholar.org/paper/b89fc2186636ef33f09a1a34315227286a70197b,127,,accepted,
semantic_scholar,bb9959d715b8933b2036b94513122f1f9cbbe355,Explainable Artificial Intelligence With Cloud and Blockchain-as-a-Service Model for Consumer Electronics in Connected Healthcare,"Smart and connected wearables, Internet of Things-enabled devices, intelligent health equipment, and mobile applications are significant in connected healthcare by empowering smart and real-time patient monitoring, predictive and forecasting analytics, tailored and customized treatments. While these practices deliver valuable and substantial insights, constraints associated with security, privacy, scalability, availability, and transparency in artificial intelligence-based decision-making persist as considerable barriers to adoption in healthcare provision. To deal with these limitations, this research presents an explainable federated learning model combined with Cloud, Blockchain, explainable artificial intelligence, and optimization techniques to design secure, transparent, decentralized, and resilient-enabled healthcare. The cloud platform offers scalable and available data storage with low-latency real-time analytics. Blockchain guarantees decentralized, secured, tamper-proof block management and privacy-preserving access management. The proposed framework is a robust healthcare ecosystem and is a trio of cloud, blockchain, and explainable artificial intelligence with interpretable deep learning, a parallelized inference pipeline, data integrity, and compliance. The proposed system validates measurable enhancements, achieving 93% prediction accuracy, 30% enhanced interpretability, 25% lowered latency, and 40% higher data integrity, assessed relative to the existing intelligent healthcare systems. By integrating availability, explainability, privacy, security, latency, and scalability, this system provided a functional path for implementing transparent, secure, and connected healthcare ecosystems driven by consumer electronics.",Sirisha Potluri; Bhawani Sankar Panigrahi; S. Mohanty; A. Albalawi,2026,IEEE transactions on consumer electronics,10.1109/TCE.2025.3632121,https://www.semanticscholar.org/paper/bb9959d715b8933b2036b94513122f1f9cbbe355,3,2026-02-01,accepted,
semantic_scholar,3d0e50db52a8ada674aebf13e8fa02ed3ef63177,Explainable artificial intelligence to increase transparency for revolutionizing healthcare ecosystem and the road ahead,,Sudipta Roy; Debojyoti Pal; Tanushree Meena,2023,Network Modeling Analysis in Health Informatics and Bioinformatics,10.1007/s13721-023-00437-y,https://www.semanticscholar.org/paper/3d0e50db52a8ada674aebf13e8fa02ed3ef63177,33,2023-12-22,accepted,
semantic_scholar,a4b0744a93fee40f1e16904af16e06294eff0dcd,Explainable artificial intelligence (XAI): from inherent explainability to large language models,"Artificial Intelligence (AI) has continued to achieve tremendous success in recent times. However, the decision logic of these frameworks is often not transparent, making it difficult for stakeholders to understand, interpret or explain their behavior. This limitation hinders trust in machine learning systems and causes a general reluctance towards their adoption in practical applications, particularly in mission-critical domains like healthcare and autonomous driving. Explainable AI (XAI) techniques facilitate the explainability or interpretability of machine learning models, enabling users to discern the basis of the decision and possibly avert undesirable behavior. This comprehensive survey details the advancements of explainable AI methods, from inherently interpretable models to modern approaches for achieving interpretability of various black box models, including large language models (LLMs). Additionally, we review explainable AI techniques that leverage LLM and vision-language model (VLM) frameworks to automate or improve the explainability of other machine learning models. The use of LLM and VLM as interpretability methods particularly enables high-level, semantically meaningful explanations of model decisions and behavior. Throughout the paper, we highlight the scientific principles, strengths and weaknesses of state-of-the-art methods and outline different areas of improvement. Where appropriate, we also present qualitative and quantitative comparison results of various methods to show how they compare. Finally, we discuss the key challenges of XAI and directions for future research.",F. Mumuni; A. Mumuni,2025,arXiv.org,10.48550/arXiv.2501.09967,https://www.semanticscholar.org/paper/a4b0744a93fee40f1e16904af16e06294eff0dcd,39,2025-01-17,accepted,
semantic_scholar,0024c33a8cca7175b92880b8c47940deeb05e87c,An Explainable Artificial Intelligence Model for the Classification of Breast Cancer,"Breast cancer is the most common cancer among women and globally affects both genders. The disease arises due to abnormal growth of tissue formed of malignant cells. Early detection of breast cancer is crucial for enhancing the survival rate. Therefore, artificial intelligence has revolutionized healthcare and can serve as a promising tool for early diagnosis. The present study aims to develop a machine-learning model to classify breast cancer and to provide explanations for the model results. This could improve the understanding of the diagnosis and treatment of breast cancer by identifying the most important features of breast cancer tumors and the way they affect the classification task. The best-performing machine-learning model has achieved an accuracy of 97.7% using k-nearest neighbors and a precision of 98.2% based on the Wisconsin breast cancer dataset and an accuracy of 98.6% using the artificial neural network with 94.4% precision based on the Wisconsin diagnostic breast cancer dataset. Hence, this asserts the importance and effectiveness of the proposed approach. The present research explains the model behavior using model-agnostic methods, demonstrating that the bare nuclei feature in the Wisconsin breast cancer dataset and the area’s worst feature Wisconsin diagnostic breast cancer dataset are the most important factors in determining breast cancer malignancy. The work provides extensive insights into the particular characteristics of the diagnosis of breast cancer and suggests possible directions for expected investigation in the future into the fundamental biological mechanisms that underlie the disease’s onset. The findings underline the potential of machine learning to enhance breast cancer diagnosis and therapy planning while emphasizing the importance of interpretability and transparency in artificial intelligence-based healthcare systems.",Tarek Khater; A. Hussain; R. Bendardaf; Iman M. Talaat; H. Tawfik; Sam Ansari; Soliman A. Mahmoud,2025,IEEE Access,10.1109/ACCESS.2023.3308446,https://www.semanticscholar.org/paper/0024c33a8cca7175b92880b8c47940deeb05e87c,37,,accepted,
semantic_scholar,c3f6a0e8e2468f1baa1aafc689d6acc0a710f82e,Healthcare Trust Evolution with Explainable Artificial Intelligence: Bibliometric Analysis,"Recent developments in IoT, big data, fog and edge networks, and AI technologies have had a profound impact on a number of industries, including medical. The use of AI for therapeutic purposes has been hampered by its inexplicability. Explainable Artificial Intelligence (XAI), a revolutionary movement, has arisen to solve this constraint. By using decision-making and prediction outputs, XAI seeks to improve the explicability of standard AI models. In this study, we examined global developments in empirical XAI research in the medical field. The bibliometric analysis tools VOSviewer and Biblioshiny were used to examine 171 open access publications from the Scopus database (2019–2022). Our findings point to several prospects for growth in this area, notably in areas of medicine like diagnostic imaging. With 109 research articles using XAI for healthcare classification, prediction, and diagnosis, the USA leads the world in research output. With 88 citations, IEEE Access has the greatest number of publications of all the journals. Our extensive survey covers a range of XAI applications in healthcare, such as diagnosis, therapy, prevention, and palliation, and offers helpful insights for researchers who are interested in this field. This report provides a direction for future healthcare industry research endeavors.",Pummy Dhiman; Anupam Bonkra; Amandeep Kaur; Yonis Gulzar; Yasir Hamid; Mohammad Shuaib Mir; A. Soomro; Osman Elwasila,2023,Inf.,10.3390/info14100541,https://www.semanticscholar.org/paper/c3f6a0e8e2468f1baa1aafc689d6acc0a710f82e,29,2023-10-03,accepted,
semantic_scholar,a1e6d1070eb1d9b587e2c8d1cf4b3eacc7416ae9,Uncertainty-aware multi-criteria decision analysis for evaluation of explainable artificial intelligence methods: A use case from the healthcare domain,,K. Aliyeva; Nijat Mehdiyev,2024,Information Sciences,10.1016/j.ins.2023.119987,https://www.semanticscholar.org/paper/a1e6d1070eb1d9b587e2c8d1cf4b3eacc7416ae9,16,2024-02-01,accepted,
semantic_scholar,421cebc60f864bdfa680bd1021b22c608b480650,Explainable Artificial Intelligence: A Perspective on Drug Discovery,"The convergence of artificial intelligence (AI) and drug discovery is accelerating the pace of therapeutic target identification, refining of drug candidates, and streamlining processes from laboratory research to clinical applications. Despite these promising advances, the inherent opacity of AI-driven models, especially deep-learning (DL) models, poses a significant “black-box"" problem, limiting interpretability and acceptance within the pharmaceutical researchers. Explainable artificial intelligence (XAI) has emerged as a crucial solution for enhancing transparency, trust, and reliability by clarifying the decision-making mechanisms that underpin AI predictions. This review systematically investigates the principles and methodologies underpinning XAI, highlighting various XAI tools, models, and frameworks explicitly designed for drug-discovery tasks. XAI applications in healthcare are explored with an in-depth discussion on the potential role in accelerating the drug-discovery processes, such as molecular modeling, therapeutic target identification, Absorption, Distribution, Metabolism, and Excretion (ADME) prediction, clinical trial design, personalized medicine, and molecular property prediction. Furthermore, this article critically examines how XAI approaches effectively address the black-box nature of AI models, bridging the gap between computational predictions and practical pharmaceutical applications. Finally, we discuss the challenges in deploying XAI methodologies, focusing on critical research directions to improve transparency and interpretability in AI-driven drug discovery. This review emphasizes the importance of researchers staying current on evolving XAI technologies to realize their transformative potential in fully improving the efficiency, reliability, and clinical impact of drug-discovery pipelines.",Yazdan Ahmad Qadri; Sibhghatulla Shaikh; Khursheed Ahmad; Inho Choi; Sung Won Kim; Athanasios V. Vasilakos,2025,Pharmaceutics,10.3390/pharmaceutics17091119,https://www.semanticscholar.org/paper/421cebc60f864bdfa680bd1021b22c608b480650,54,2025-08-27,accepted,
semantic_scholar,44c82b19180e786c3993d9bcfd933aa4f14455d3,Towards Transparent and Accurate Diabetes Prediction Using Machine Learning and Explainable Artificial Intelligence,"Diabetes mellitus (DM) is a global health issue of significance that must be diagnosed as early as possible and managed well. This study presents a framework for diabetes prediction using Machine Learning (ML) models, complemented with eXplainable Artificial Intelligence (XAI) tools, to investigate both the predictive accuracy and interpretability of the predictions from ML models. Data Preprocessing is based on the Synthetic Minority Oversampling Technique (SMOTE) and feature scaling used on the Diabetes Binary Health Indicators dataset to deal with class imbalance and variability of clinical features. The ensemble model provided high accuracy, with a test accuracy of 92.50% and an ROC-AUC of 0.975. BMI, Age, General Health, Income, and Physical Activity were the most influential predictors obtained from the model explanations. The results of this study suggest that ML combined with XAI is a promising means of developing accurate and computationally transparent tools for use in healthcare systems.",Pir Bakhsh Khokhar; Viviana Pentangelo; Fabio Palomba; Carmine Gravino,2025,arXiv.org,10.48550/arXiv.2501.18071,https://www.semanticscholar.org/paper/44c82b19180e786c3993d9bcfd933aa4f14455d3,21,2025-01-30,accepted,
semantic_scholar,8137fbbaf69d80dacb87ca05ab516b04bb03db02,From Black Box to Glass Box: A Practical Review of Explainable Artificial Intelligence (XAI),"Explainable Artificial Intelligence (XAI) has become essential as machine learning systems are deployed in high-stakes domains such as security, finance, and healthcare. Traditional models often act as “black boxes”, limiting trust and accountability. Traditional models often act as “black boxes”, limiting trust and accountability. However, most existing reviews treat explainability either as a technical problem or a philosophical issue, without connecting interpretability techniques to their real-world implications for security, privacy, and governance. This review fills that gap by integrating theoretical foundations with practical applications and societal perspectives. define transparency and interpretability as core concepts and introduce new economics-inspired notions of marginal transparency and marginal interpretability to highlight diminishing returns in disclosure and explanation. Methodologically, we examine model-agnostic approaches such as LIME and SHAP, alongside model-specific methods including decision trees and interpretable neural networks. We also address ante-hoc vs. post hoc strategies, local vs. global explanations, and emerging privacy-preserving techniques. To contextualize XAI’s growth, we integrate capital investment and publication trends, showing that research momentum has remained resilient despite market fluctuations. Finally, we propose a roadmap for 2025–2030, emphasizing evaluation standards, adaptive explanations, integration with Zero Trust architectures, and the development of self-explaining agents supported by global standards. By combining technical insights with societal implications, this article provides both a scholarly contribution and a practical reference for advancing trustworthy AI.",Xiaoming Liu; Danni Huang; Jing Yao; Jing Dong; Litong Song; Hui Wang; Chao Yao; Weishen Chu,2025,Applied Informatics,10.3390/ai6110285,https://www.semanticscholar.org/paper/8137fbbaf69d80dacb87ca05ab516b04bb03db02,22,2025-11-03,accepted,
semantic_scholar,cf7bd780cc164e913ca9a40753fdb7169bbf826a,A Review of Explainable Artificial Intelligence from the Perspectives of Challenges and Opportunities,"The widespread adoption of Artificial Intelligence (AI) in critical domains, such as healthcare, finance, law, and autonomous systems, has brought unprecedented societal benefits. Its black-box (sub-symbolic) nature allows AI to compute prediction without explaining the rationale to the end user, resulting in lack of transparency between human and machine. Concerns are growing over the opacity of such complex AI models, particularly deep learning architectures. To address this concern, explainability is of paramount importance, which has triggered the emergence of Explainable Artificial Intelligence (XAI) as a vital research area. XAI is aimed at enhancing transparency, trust, and accountability of AI models. This survey presents a comprehensive overview of XAI from the dual perspectives of challenges and opportunities. We analyze the foundational concepts, definitions, terminologies, and taxonomy of XAI methods. We then review several application domains of XAI. Special attention is given to various challenges of XAI, such as no universal definition, trade-off between accuracy and interpretability, and lack of standardized evaluation metrics. We conclude by outlining the future research directions of human-centric design, interactive explanation, and standardized evaluation frameworks. This survey serves as a resource for researchers, practitioners, and policymakers to navigate the evolving landscape of interpretable and responsible AI.",S. Kabir; Mohammad Shahadat Hossain; Karl Andersson,2025,Algorithms,10.3390/a18090556,https://www.semanticscholar.org/paper/cf7bd780cc164e913ca9a40753fdb7169bbf826a,41,2025-09-03,accepted,
semantic_scholar,6c6db739b6f6f0028c5af43d71cc1feaad7b1afb,Explainable Artificial Intelligence (XAI) in Healthcare,,U. Kose; Nilgun Sengoz; Xi Chen; Jose Antonio Marmolejo Saucedo,2024,,10.1201/9781003426073,https://www.semanticscholar.org/paper/6c6db739b6f6f0028c5af43d71cc1feaad7b1afb,11,2024-04-11,accepted,
semantic_scholar,dc49d359f6077e831c3d4ee853979cdf9cb960b1,Synergizing Fusion Modeling for Accurate Cardiac Prediction Through Explainable Artificial Intelligence,"Artificial Intelligence (AI) and Machine Learning (ML) play a crucial role in developing disruptive healthcare technologies since they address the needs of consumers by providing precise and effective diagnostic and decision-making capabilities. The influence of these factors on diagnosing and making decisions is especially noteworthy when collecting valuable information from healthcare data. This work offers “AC2” (Accurate Cardiac Classification), a hybrid deep learning model that correctly detects cardiovascular disease (CVD) and provides meaningful insights. Convolutional neural networks and the Light Gradient Boosting Model integrate well in the “AC2” model, simplifying feature learning and predictions. Using the CDC’s Behavioral Risk Factor Surveillance System (BRFSS) dataset, the proposed method outperforms current algorithms in accuracy, precision, recall, and F1 score. This dataset collects reliable, state-specific data on preventive health practices and risk behaviors related to chronic illnesses, injuries, and avoidable infections in adults, catering to the information needs of healthcare consumers. The “AC2” model’s outstanding forecast accuracy is further improved by integrating an explainable AI methodology, specifically emphasizing SHAP’s local and global explanations. These explanatory insights clarify the model’s decision-making process. With healthcare technology’s advancement and the requirement for efficient data analysis to gather information, the “AC2” model’s accuracy and comprehensibility may substantially improve healthcare professionals’ diagnosis and treatment skills, benefiting healthcare consumers.",Niyaz Ahmad Wani; Jatin Bedi; Ravinder Kumar; Muhammad Attique Khan; Imad Rida,2025,IEEE transactions on consumer electronics,10.1109/TCE.2024.3419814,https://www.semanticscholar.org/paper/dc49d359f6077e831c3d4ee853979cdf9cb960b1,31,2025-02-01,accepted,
semantic_scholar,449440154af5b6cadc5fc28c3b76dcb32b193010,Developing a Transparent Anaemia Prediction Model Empowered With Explainable Artificial Intelligence,"The worldwide health epidemic of anaemia which is a condition with low levels of red blood cells or haemoglobin requires accurate prediction models to act promptly and improve patient outcomes because it is widespread and has different causes. The effective management of anaemia is piled with obstructions, which may include the variability of diagnostic criteria, the resource limitations of healthcare, and the multifactorial nature of the disease including nutritional deficiencies, chronic disease, and genetic factors. Conventional anaemia prediction models, that predominantly rely on statistics and are trained on clinical risk scores, are frequently incapable of providing practical solutions and meaningful insights into anaemia diagnosis. There is a growing interest in focusing on Artificial Intelligence (AI) use for anaemia prediction, however, traditional AI models (black boxes) lack transparency, which causes doctors not to pick them up for practical usage. Actionable insights that are enabled by transparent AI models (white boxes) based on the explainable AI methodologies reveal the rationales of the prediction, clarify the features that are responsible for them, and help clinicians and healthcare providers. In this research work, a transparent anaemia prediction model (white box) empowered by explainable AI techniques is proposed to address the limitations of black boxes in terms of transparency. The proposed model utilizes machine learning algorithms such as Support Vector Machine (SVM), Decision Trees, K-Neighbors Classifier, and Gradient Boosting Classifier, enhanced with Explainable AI (XAI) techniques like SHAP and LIME. With the integration of explainable AI techniques like SHapley Additive exPlanations (SHAP), and Local Interpretable Model-agnostic Explanations (LIME), the proposed model offers insights into the underlying factors influencing anaemia predictions. The proposed model, significantly, represents exceptional growth in the healthcare sector and helps in bridging the gap between predictive performance and clinical interpretability, thus improving patient care and disease management strategies. The model simulation results are showing promising results in terms of the accuracy (98.13%) and the miss-rate (1.87%) which are the superior performance compared to the previous published approaches.",Muhammad Farooq; Muhammad Hassan Ghulam Muhammad; Oualid Ali; Z. Zeeshan; Muhammad Saleem; Munir Ahmad; Sagheer Abbas; Muhammad Adnan Khan; Taher M. Ghazal,2025,IEEE Access,10.1109/ACCESS.2024.3522080,https://www.semanticscholar.org/paper/449440154af5b6cadc5fc28c3b76dcb32b193010,32,,accepted,
semantic_scholar,684b28b91706535fc89a17f02d69945a01200315,The need for balancing 'black box' systems and explainable artificial intelligence: A necessary implementation in radiology.,"Radiology is one of the medical specialties most significantly impacted by Artificial Intelligence (AI). AI systems, particularly those employing machine and deep learning, excel in processing large datasets and comparing images from similar contexts, fulfilling radiological demands. However, the implementation of AI in radiology presents notable challenges, including concerns about data privacy, informed consent, and the potential for external interferences affecting decision-making processes. Biases represent another critical issue, often stemming from unrepresentative datasets or inadequate system training, which can lead to distorted outcomes and exacerbate healthcare inequalities. Additionally, generative AI systems may produce 'hallucinations' arising from their reliance on probabilistic modeling without the ability to distinguish between true and false information. Such risks raise ethical and legal questions, especially when AI-induced errors harm patient health. Concerning liability for medical errors involving AI, healthcare professionals currently retain full accountability for their decisions. AI systems remain tools to support, not replace, human expertise and judgment. Nevertheless, the ""black box"" nature of many AI models - wherein the reasoning behind outputs remains opaque - limits the possibility of fully informed consent. We advocate for prioritizing Explainable Artificial Intelligence (XAI) in radiology. While potentially less performant than black-box models, XAI enhances transparency, allowing patients to understand how their data is used and how AI influences clinical decisions, aligning with ethical standards.",Fabio De-Giorgio; Beatrice Benedetti; Matteo Mancino; Evis Sala; Vincenzo L. Pascali,2025,European Journal of Radiology,10.1016/j.ejrad.2025.112014,https://www.semanticscholar.org/paper/684b28b91706535fc89a17f02d69945a01200315,33,2025-02-01,accepted,
semantic_scholar,e42c6be8fc7e128956273bd7d8ce32dc14c536ef,"The human factor in explainable artificial intelligence: clinician variability in trust, reliance, and performance","Explainable Artificial Intelligence (XAI) is proposed as essential for high-risk applications like healthcare, where it aims to enhance user trust. However, studies often rely on automated metrics rather than user evaluation. We adapt a prototype-based XAI model for image-based gestational age (GA) estimation and evaluate its impact on trust, reliance, and performance, including a novel measure of appropriate reliance. Ten sonographers completed a 3-stage reader study assessing the XAI model’s impact on GA estimates. Model predictions reduced clinician mean absolute error (MAE) from 23.5 to 15.7 days, and explanations had a further non-significant reduction to 14.3 days. However, the impact of explanations varied across participants, with some performing worse with explanations than without. Additionally, although explanations increased participant confidence, they had no significant effect on trust or reliance on the model. These counterintuitive results highlight potential pitfalls in deploying XAI, emphasising the need for human studies to capture clinician variability.",A. Nicolson; E. Bradburn; Yarin Gal; A. Papageorghiou; J. A. Noble,2025,npj Digital Medicine,10.1038/s41746-025-02023-0,https://www.semanticscholar.org/paper/e42c6be8fc7e128956273bd7d8ce32dc14c536ef,24,2025-11-14,accepted,
semantic_scholar,52053dc5883fdc2259b210277fd2f0cfb8363cbf,Development of explainable artificial intelligence based machine learning model for predicting 30-day hospital readmission after renal transplantation,"Hospital readmission following renal transplantation significantly impacts patient outcomes and healthcare resources. While machine learning approaches offer promising solutions for risk prediction, their clinical application often lacks interpretability. We developed an explainable artificial intelligence (XAI) based supervised learning model to predict 30-day hospital readmission risk following renal transplantation. We conducted a retrospective analysis of 588 renal transplant recipients at King Abdullah International Medical Research Center, with a predominance of living donor transplants (85.2%, n = 500). Our methodology included a four-stage machine learning pipeline: data processing, feature preparation, model development using stratified 5-fold cross-validation, and clinical validation. Multiple algorithms were evaluated, with gradient boosting demonstrating superior performance. Model interpretability was achieved through dual-approach analysis using SHAP (SHapley Additive exPlanations) and LIME (Local Interpretable Model-agnostic Explanations). The gradient boosting model demonstrated strong performance (AUC 0.837, 95% CI: 0.802–0.872) with accuracy of 0.796 ± 0.050 and sensitivity of 0.388 ± 0.129. Length of hospital stay (38.0% contribution) and post-transplant systolic blood pressure (30.0% contribution) emerged as primary predictors, with differences between living and deceased donor subgroups. Pre-transplant BMI showed a higher importance in deceased donor recipients (12.6% vs. 2.6%), while HbA1c and eGFR were more impacting in living donor outcomes. The readmission rate in our cohort (88.9%, n = 523) was higher than previously reported ranges (18–47%), likely reflecting center-specific practices. Our XAI-based machine learning model combines strong predictive performance with clinical interpretability, offering transplant physicians donor-specific risk stratification capabilities. The web-based implementation facilitates practical integration into clinical workflows. Given our single-center experience and high proportion of living donors, external validation across diverse transplant centers is essential before widespread implementation. Our approach establishes a framework for developing center-specific risk prediction tools in transplant medicine.",Nasser Alnazari; O. Alanazi; Muath Alosaimi; Ziyad Alanazi; Ziyad Alhajeri; K. Alhussaini; Abdulkarim Alanazi; Ahmed Y. Azzam,2025,BMC Nephrology,10.1186/s12882-025-04128-w,https://www.semanticscholar.org/paper/52053dc5883fdc2259b210277fd2f0cfb8363cbf,16,2025-04-22,accepted,
semantic_scholar,6239b56d3d45936b4bd5fa4363f43783ccf71e01,A Brief Review of Explainable Artificial Intelligence in Healthcare,"XAI refers to the techniques and methods for building AI applications which assist end users to interpret output and predictions of AI models. Black box AI applications in high-stakes decision-making situations, such as medical domain have increased the demand for transparency and explainability since wrong predictions may have severe consequences. Model explainability and interpretability are vital successful deployment of AI models in healthcare practices. AI applications' underlying reasoning needs to be transparent to clinicians in order to gain their trust. This paper presents a systematic review of XAI aspects and challenges in the healthcare domain. The primary goals of this study are to review various XAI methods, their challenges, and related machine learning models in healthcare. The methods are discussed under six categories: Features-oriented methods, global methods, concept models, surrogate models, local pixel-based methods, and human-centric methods. Most importantly, the paper explores XAI role in healthcare problems to clarify its necessity in safety-critical applications. The paper intends to establish a comprehensive understanding of XAI-related applications in the healthcare field by reviewing the related experimental results. To facilitate future research for filling research gaps, the importance of XAI models from different viewpoints and their limitations are investigated.",Zahra Sadeghi; R. Alizadehsani; M. Cifci; Samina Kausar; Rizwan Rehman; P. Mahanta; P. Bora; Ammar Almasri; Rami Suleiman Alkhawaldeh; Sadiq Hussain; B. Alatas; A. Shoeibi; H. Moosaei; M. Hladík; Saeid Nahavandi; P. Pardalos,2023,arXiv.org,10.48550/arXiv.2304.01543,https://www.semanticscholar.org/paper/6239b56d3d45936b4bd5fa4363f43783ccf71e01,32,2023-04-04,accepted,
semantic_scholar,3f0ec5aacbe55fa4535a522b747e5211447f8ffc,Explainable artificial intelligence for Healthcare applications using Random Forest Classifier with LIME and SHAP,"With the advances in computationally efficient artificial Intelligence (AI) techniques and their numerous applications in our everyday life, there is a pressing need to understand the computational details hidden in black box AI techniques such as most popular machine learning and deep learning techniques; through more detailed explanations. The origin of explainable AI (xAI) is coined from these challenges and recently gained more attention by the researchers by adding explainability comprehensively in traditional AI systems. This leads to develop an appropriate framework for successful applications of xAI in real life scenarios with respect to innovations, risk mitigation, ethical issues and logical values to the users. In this book chapter, an in-depth analysis of several xAI frameworks and methods including LIME (Local Interpretable Model-agnostic Explanations) and SHAP (SHapley Additive exPlanations) are provided. Random Forest Classifier as black box AI is used on a publicly available Diabetes symptoms dataset with LIME and SHAP for better interpretations. The results obtained are interesting in terms of transparency, valid and trustworthiness in diabetes disease prediction.",Mrutyunjaya Panda; Soumya Ranjan Mahanta,2023,arXiv.org,10.48550/arXiv.2311.05665,https://www.semanticscholar.org/paper/3f0ec5aacbe55fa4535a522b747e5211447f8ffc,22,2023-11-09,accepted,
semantic_scholar,46ce9c8e1423a9af8ba84e86f44dc0e49da366ce,Adaptation of Federated Explainable Artificial Intelligence for Efficient and Secure E-Healthcare Systems,,R. Abid; Muhammad Rizwan; Abdulatif Alabdulatif; Abdullah M. Alnajim; Meznah A. Alamro; M. Azrour,2024,"Computers, Materials &amp; Continua",10.32604/cmc.2024.046880,https://www.semanticscholar.org/paper/46ce9c8e1423a9af8ba84e86f44dc0e49da366ce,6,,accepted,
semantic_scholar,7fe0c1515d951bbe77e5c12eb436f5a91fc5931f,A Deep Learning and Explainable Artificial Intelligence based Scheme for Breast Cancer Detection,"Incorporating Artificial Intelligence (AI) presents significant potential for transforming multiple aspects of the healthcare sector, encompassing administration, medical prediction, decision-making, and diagnostics. However, its often perceived enigmatic nature is a significant barrier to the widespread use of AI in the medical field. AI systems, specifically deep learning models, have demonstrated exceptional performance, often comparable to that of humans. However, their internal mechanisms sometimes resemble opaque entities, leading to challenges in understanding and placing trust in their decision-making processes. The presence of skepticism has limited their practical application in medical contexts. Given the challenges above, a pioneering proposed scheme, namely “DXAIB”, has been introduced. The proposed scheme utilizes a hybrid methodology that integrates Convolutional Neural Networks (CNNs) with the Random Forest (RF) model to detect breast cancer accurately. One distinguishing characteristic of “DXAIB” is its distinctive focus on interpretability of the predictions. The RF technique, employed to predict class labels, implements an automated feature learning process facilitated by the “DXAIB” scheme, which has several convolutional layers. However, “DXAIB” doesn’t stop at providing accurate predictions. To tackle the significant concern surrounding the interpretability of AI, an approach called “SHAP” is utilized to offer explanations at both the local and global levels for every prediction. This implies that “DXAIB” not only facilitates the identification of a diagnosis but also provides comprehensive explanations regarding the rationale behind a specific prediction, augmenting transparency and fostering confidence in the decision-making process of the AI system. The proposed “DXAIB” scheme surpasses other cutting-edge schemes in terms of the prediction outcomes it achieves and, therefore, in terms of its explainability findings.",Sandeep Saharan; Niyaz Ahmad Wani; Shreeya Chatterji; Neeraj Kumar; A. Almuhaideb,2025,Scientific Reports,10.1038/s41598-024-80535-7,https://www.semanticscholar.org/paper/7fe0c1515d951bbe77e5c12eb436f5a91fc5931f,30,2025-09-01,accepted,
semantic_scholar,700b8298d20cd34305d76e12bc94948fd4522b53,Editorial: Explainable artificial intelligence for critical healthcare applications,"COPYRIGHT © 2023 He, Zhang, Diallo, Huang and Glicksberg. This is an open-access article distributed under the terms of the Creative Commons Attribution License (CC BY). The use, distribution or reproduction in other forums is permitted, provided the original author(s) and the copyright owner(s) are credited and that the original publication in this journal is cited, in accordance with accepted academic practice. No use, distribution or reproduction is permitted which does not comply with these terms. Editorial: Explainable artificial intelligence for critical healthcare applications",Thomas Hartung; Zhe He; Rui Zhang; Gayo Diallo; Zhengxing Huang; Benjamin S. Glicksberg,2023,Frontiers Artif. Intell.,10.3389/frai.2023.1282800,https://www.semanticscholar.org/paper/700b8298d20cd34305d76e12bc94948fd4522b53,8,2023-09-12,accepted,
semantic_scholar,afe312b66035501754a9d4fb4aa36e7a985cdfdc,Explainable Artificial Intelligence for Biomedical and Healthcare Applications,,Aditya Khamparia; D. Gupta,2024,,10.1201/9781003220107,https://www.semanticscholar.org/paper/afe312b66035501754a9d4fb4aa36e7a985cdfdc,4,2024-08-14,accepted,
semantic_scholar,ffe1458418ba93a2ea08ebabd52b21c8dba31549,Visualizing Research on Explainable Artificial Intelligence for Medical and Healthcare,"Understanding complex machine learning and artificial intelligence models have always been challenging because these models are black-box, and often we don't know what information models rely upon to infer. Explainable Artificial Intelligence (XAI) has emerged as a new exciting field to explain and understand these machine learning models as humans can understand and improve them. In the past few years, there have been numerous research articles on explainable artificial intelligence for medical and healthcare. 1687 documents are being studied and analysed using bibliometric methods in this work. There are certain systematic reviews on the same topic, but this study is the first of its kind to use a quantitative method to analyze a large number of publications. The results of this study show that the research in this field took pace in 2011, and there have been quite many publications in the following years. We have also identified top-cited journals and articles. Through thematic analysis, we have found some important thematic areas of research in the field of XAI for medical and healthcare. The findings showed that the USA is the global leader in XAI research, followed by China and Canada at second and third place, respectively.",Subhan Ali; A. Imran; Zenun Kastrati; Sher Muhammad Daudpota,2023,"2023 4th International Conference on Computing, Mathematics and Engineering Technologies (iCoMET)",10.1109/iCoMET57998.2023.10099343,https://www.semanticscholar.org/paper/ffe1458418ba93a2ea08ebabd52b21c8dba31549,7,2023-03-17,accepted,
semantic_scholar,c9526eabe882263c8e54db79b384aa3b74ac3045,A systematic review of explainable artificial intelligence methods for speech-based cognitive decline detection,"Artificial intelligence models analyzing speech show remarkable promise for identifying cognitive decline, achieving performance comparable to clinical assessments. However, their “black box” nature poses significant barriers to clinical adoption, as healthcare professionals require transparent decision-making processes. This challenge is compounded by regulatory requirements, including GDPR mandates for explainability and medical device regulations emphasizing AI transparency. Following PRISMA guidelines, we systematically reviewed explainable AI (XAI) techniques for speech-based detection of Alzheimer’s disease and mild cognitive impairment across six databases through May 2025. From 2077 records, 13 studies met the inclusion criteria, employing XAI methods including SHAP, LIME, attention mechanisms, and novel approaches across machine learning architectures. Models achieved AUC values of 0.76-0.94, consistently identifying acoustic markers (pause patterns, speech rate) and linguistic features (vocabulary diversity, pronoun usage). While XAI techniques demonstrate promise for clinical interpretability, significant gaps remain in stakeholder engagement, real-world validation, and standardized evaluation frameworks.",Ravi Shankar; Z. Goh; F. Devi; Qian Xu,2025,npj Digital Medicine,10.1038/s41746-025-02105-z,https://www.semanticscholar.org/paper/c9526eabe882263c8e54db79b384aa3b74ac3045,20,2025-11-26,accepted,
semantic_scholar,9c31eccf66635d09e0a5586986be5f79270f0763,An improved explainable artificial intelligence tool in healthcare for hospital recommendation,,Yu-Cheng Wang; T. Chen; Min-Chi Chiu,2023,Healthcare Analytics,10.1016/j.health.2023.100147,https://www.semanticscholar.org/paper/9c31eccf66635d09e0a5586986be5f79270f0763,34,2023-02-01,accepted,
semantic_scholar,df9b9ba53bf8e2eb651f614510b80d986002bf8d,Transformative impact of explainable artificial intelligence: bridging complexity and trust,"Artificial Intelligence and Deep Learning have gained widespread popularity in all sectors and industries from healthcare to finance and industrial management. Explainable Artificial Intelligence (XAI) is urgent need to bridge the gap between the needs of society interpretability, and trust while maximizing AI benefits. This review XAI methodologies is presented as a comprehensive analysis of three different types model including model-specific, model-agnostic, and hybrid, along with their applications. The review discussed sectors of healthcare, finance, and industrial management etc. where XAI can be utilized for better results and gain trust. The generic and prominent key challenges in terms of trade-offs between accuracy and interpretability, the existing scalability issues, and ethical considerations were focused. The paper also discussed future directions, such as domain-specific frameworks interdisciplinary collaborations and standardized evaluation metrics, to be proposed for advancing XAI research and applications. The review highlighted the potential of XAI for upbringing a society equipped with modern AI with precise results, high responsibility and more transparency.",Girish Paliwal; Ashish Kumar; Kanta Prasad Sharma; Deepshika Bhargava; V. M. Shrimal,2025,Discover Artificial Intelligence,10.1007/s44163-025-00281-1,https://www.semanticscholar.org/paper/df9b9ba53bf8e2eb651f614510b80d986002bf8d,13,2025-05-09,accepted,
semantic_scholar,839957c7c3911d462f7698a6e5a9ca0d5718e100,Evaluating the sustainability of smart technology applications in healthcare after the COVID-19 pandemic: A hybridising subjective and objective fuzzy group decision-making approach with explainable artificial intelligence,"During the COVID-19 pandemic, some smart technology applications were more effective than had been expected, whereas some others did not achieve satisfactory performance. Consequently, whether smart technology applications in healthcare are sustainable is a question that warrants investigation. To address this question, a hybridising subjective and objective fuzzy group decision-making approach with explainable artificial intelligence was proposed in this study and then used to evaluate the sustainability of smart technology applications in healthcare. The contribution of this research is its subjective evaluation of the sustainability of smart technology applications followed by correction of the evaluation outcome on the basis of the applications’ objective performance during the COVID-19 pandemic. To this end, a fuzzy nonlinear programming model was formulated and optimised. In addition, the impact of several major global events that occurred during the pandemic on the sustainability of smart technology applications was considered. The proposed methodology was applied to evaluate the sustainability levels of eight smart technology applications in healthcare. According to the experimental results, three applications—namely healthcare apps, smartwatches, and remote temperature scanners—are expected to be highly sustainable in healthcare, whereas one application, namely smart clothing, is not.",T. Chen; Min-Chi Chiu,2022,Digital Health,10.1177/20552076221136381,https://www.semanticscholar.org/paper/839957c7c3911d462f7698a6e5a9ca0d5718e100,17,2022-01-01,accepted,
semantic_scholar,fb4b16bb22b8898c118412f32fad5601741fb05e,A scoping review of explainable artificial intelligence in sports science,"Artificial intelligence (AI) and machine learning (ML) are increasingly being applied in sports science to predict performance, assess injury risk, and support tactical decision-making. However, the opacity of many machine learning (ML) models has led to a growing interest in explainable AI (XAI) methods, which aim to make the decisions of ""black box"" algorithms more transparent and interpretable. The result of this is an increase in trust, facilitation of model validation, and enablement of more informed decision-making for practitioners and analysts. While XAI is well established in domains like healthcare or finance, its application in sports science remains fragmented and underexplored. This scoping review follows the PRISMA-Sc approach and systematically examines how XAI and interpretable ML techniques have been applied in the context of sports science. Between 2014 and June 2024, a total of 19 studies were identified through a multi-database search and analyzed in terms of sport type, ML model, XAI method, dependent variable, limitations, challenges and future research. The results reveal a clear dominance of SHapley Additive Explanations across multiple disciplines, while other tools such as Gradient-weighted Class Activation Mapping, Individual Conditional Expectation Plots, or domain-specific approaches are rarely used. Visual and rule-based explanation methods were largely absent. The findings highlight a lack of methodological diversity and limited validation of explanations with domain experts or practitioners. To increase real-world impact, future work should explore comparative evaluations of XAI techniques, domain-specific explanation frameworks, and user-centered approaches that align with the needs of coaches, athletes, and analysts.",Stefan Kranzinger; C. Halmich; Dominik P. Hofer; Christina Kranzinger,2025,Discover Artificial Intelligence,10.1007/s44163-025-00709-8,https://www.semanticscholar.org/paper/fb4b16bb22b8898c118412f32fad5601741fb05e,14,2025-11-29,accepted,
semantic_scholar,d49abcd4c3cf05df5aae535bb90e8e805c00aff2,"Explainable artificial intelligence: A survey of needs, techniques, applications, and future direction","Artificial intelligence models encounter significant challenges due to their black-box nature, particularly in safety-critical domains such as healthcare, finance, and autonomous vehicles. Explainable Artificial Intelligence (XAI) addresses these challenges by providing explanations for how these models make decisions and predictions, ensuring transparency, accountability, and fairness. Existing studies have examined the fundamental concepts of XAI, its general principles, and the scope of XAI techniques. However, there remains a gap in the literature as there are no comprehensive reviews that delve into the detailed mathematical representations, design methodologies of XAI models, and other associated aspects. This paper provides a comprehensive literature review encompassing common terminologies and definitions, the need for XAI, beneficiaries of XAI, a taxonomy of XAI methods, and the application of XAI methods in different application areas. The survey is aimed at XAI researchers, XAI practitioners, AI model developers, and XAI beneficiaries who are interested in enhancing the trustworthiness, transparency, accountability, and fairness of their AI models.",Melkamu Abay Mersha; K. Lam; J. Wood; Ali K. AlShami; Jugal K. Kalita,2024,Neurocomputing,10.1016/j.neucom.2024.128111,https://www.semanticscholar.org/paper/d49abcd4c3cf05df5aae535bb90e8e805c00aff2,215,2024-06-01,accepted,
semantic_scholar,19de417754f10ccdfe45c113c75044afe21fa992,Editorial: Explainable artificial intelligence models and methods in finance and healthcare,"COPYRIGHT © 2022 Ca o, D’Asaro, Garcez and Ra netti. This is an open-access article distributed under the terms of the Creative Commons Attribution License (CC BY). The use, distribution or reproduction in other forums is permitted, provided the original author(s) and the copyright owner(s) are credited and that the original publication in this journal is cited, in accordance with accepted academic practice. No use, distribution or reproduction is permitted which does not comply with these terms. Editorial: Explainable artificial intelligence models and methods in finance and healthcare",B. Caffo; F. A. D'Asaro; A. Garcez; E. Raffinetti,2022,Frontiers in Artificial Intelligence,10.3389/frai.2022.970246,https://www.semanticscholar.org/paper/19de417754f10ccdfe45c113c75044afe21fa992,6,2022-08-16,accepted,
semantic_scholar,bec1eac7ade48f5a9e40d05ce95a54e272eecfb0,Unveiling the Algorithm: The Role of Explainable Artificial Intelligence in Modern Surgery,"Artificial Intelligence (AI) is rapidly transforming surgical care by enabling more accurate diagnosis and risk prediction, personalized decision-making, real-time intraoperative support, and postoperative management. Ongoing trends such as multi-task learning, real-time integration, and clinician-centered design suggest AI is maturing into a safe, pragmatic asset in surgical care. Yet, significant challenges, such as the complexity and opacity of many AI models (particularly deep learning), transparency, bias, data sharing, and equitable deployment, must be surpassed to achieve clinical trust, ethical use, and regulatory approval of AI algorithms in healthcare. Explainable Artificial Intelligence (XAI) is an emerging field that plays an important role in bridging the gap between algorithmic power and clinical use as surgery becomes increasingly data-driven. The authors reviewed current applications of XAI in the context of surgery—preoperative risk assessment, surgical planning, intraoperative guidance, and postoperative monitoring—and highlighted the absence of these mechanisms in Generative AI (e.g., ChatGPT). XAI will allow surgeons to interpret, validate, and trust AI tools. XAI applied in surgery is not a luxury: it must be a prerequisite for responsible innovation. Model bias, overfitting, and user interface design are key challenges that need to be overcome and will be explored in this review to achieve the integration of XAI into the surgical field. Unveiling the algorithm is the first step toward a safe, accountable, transparent, and human-centered surgical AI.",Sara Lopes; M. Mascarenhas; J. Fonseca; Maria Gabriela O Fernandes; A. Leite-Moreira,2025,Healthcare,10.3390/healthcare13243208,https://www.semanticscholar.org/paper/bec1eac7ade48f5a9e40d05ce95a54e272eecfb0,7,2025-12-01,accepted,
semantic_scholar,f28f5b4c67b18be74aa3b48659031eb1e31443fa,Harnessing Explainable Artificial Intelligence (XAI) based SHAPLEY Values and Ensemble Techniques for Accurate Alzheimer's Disease Diagnosis,"Machine Learning (ML) is a dynamic method for managing extensive datasets to uncover significant patterns and hidden insights. ML has revolutionized numerous industries, from healthcare to finance, and from entertainment to transportation. Ensemble classifiers combined with Explainable AI (XAI) have surfaced as a significant asset in the field of Alzheimer's Disease (AD) diagnosis. Boosting EC techniques coupled with Shapley Additive Explanations (SHAP) offers a powerful approach to AD diagnosis. This paper investigates boosting ensemble ML schemes, such as XGBoost, LightGBM, and Gradient Boosting (GB), for AD diagnosis and SHAP for feature selection. The proposed scheme achieved efficient results, with an accuracy of more than 94% with minimum features for the detection process.",Bala Krishnan Raghupathy; Manyam Rajasekhar Reddy; Prasad Theeda; E. Balasubramanian; Rajesh Kumar Namachivayam; Manikandan Ganesan,2025,"Engineering, Technology &amp; Applied Science Research",10.48084/etasr.9619,https://www.semanticscholar.org/paper/f28f5b4c67b18be74aa3b48659031eb1e31443fa,11,2025-04-03,accepted,
semantic_scholar,1c9f96e44e7138049b53ff9cfe593b7f95f44f53,A Survey on Explainable Artificial Intelligence (XAI) Techniques for Visualizing Deep Learning Models in Medical Imaging,"The combination of medical imaging and deep learning has significantly improved diagnostic and prognostic capabilities in the healthcare domain. Nevertheless, the inherent complexity of deep learning models poses challenges in understanding their decision-making processes. Interpretability and visualization techniques have emerged as crucial tools to unravel the black-box nature of these models, providing insights into their inner workings and enhancing trust in their predictions. This survey paper comprehensively examines various interpretation and visualization techniques applied to deep learning models in medical imaging. The paper reviews methodologies, discusses their applications, and evaluates their effectiveness in enhancing the interpretability, reliability, and clinical relevance of deep learning models in medical image analysis.",Deepshikha Bhati; Fnu Neha; Md Amiruzzaman,2024,Journal of Imaging,10.3390/jimaging10100239,https://www.semanticscholar.org/paper/1c9f96e44e7138049b53ff9cfe593b7f95f44f53,119,2024-09-25,accepted,
semantic_scholar,5ad794b62328294f7a86890a1fd4f4c53e7d3037,Corrigendum: Editorial: Explainable artificial intelligence models and methods in finance and healthcare,[This corrects the article DOI: 10.3389/frai.2022.970246.].,B. Caffo; F. A. D'Asaro; A. Garcez; E. Raffinetti,2023,Frontiers in Artificial Intelligence,10.3389/frai.2023.1157762,https://www.semanticscholar.org/paper/5ad794b62328294f7a86890a1fd4f4c53e7d3037,2,2023-02-20,accepted,
semantic_scholar,d93ad68271bb7a0c65dd4dbd41c425d90348e07a,"Explainable Artificial Intelligence in Healthcare: Opportunities, Gaps and Challenges and a Novel Way to Look at the Problem Space",,Petra Korica; Neamat El Gayar; Wei Pang,2021,Ideal,10.1007/978-3-030-91608-4_33,https://www.semanticscholar.org/paper/d93ad68271bb7a0c65dd4dbd41c425d90348e07a,16,,accepted,
semantic_scholar,11112229889edb04633731b4f218a8d56e2a15ee,Evaluating Explainable Artificial Intelligence (XAI) techniques in chest radiology imaging through a human-centered Lens,"The field of radiology imaging has experienced a remarkable increase in using of deep learning (DL) algorithms to support diagnostic and treatment decisions. This rise has led to the development of Explainable AI (XAI) system to improve the transparency and trust of complex DL methods. However, XAI systems face challenges in gaining acceptance within the healthcare sector, mainly due to technical hurdles in utilizing these systems in practice and the lack of human-centered evaluation/validation. In this study, we focus on visual XAI systems applied to DL-enabled diagnostic system in chest radiography. In particular, we conduct a user study to evaluate two prominent visual XAI techniques from the human perspective. To this end, we created two clinical scenarios for diagnosing pneumonia and COVID-19 using DL techniques applied to chest X-ray and CT scans. The achieved accuracy rates were 90% for pneumonia and 98% for COVID-19. Subsequently, we employed two well-known XAI methods, Grad-CAM (Gradient-weighted Class Activation Mapping) and LIME (Local Interpretable Model-agnostic Explanations), to generate visual explanations elucidating the AI decision-making process. The visual explainability results were shared through a user study, undergoing evaluation by medical professionals in terms of clinical relevance, coherency, and user trust. In general, participants expressed a positive perception of the use of XAI systems in chest radiography. However, there was a noticeable lack of awareness regarding their value and practical aspects. Regarding preferences, Grad-CAM showed superior performance over LIME in terms of coherency and trust, although concerns were raised about its clinical usability. Our findings highlight key user-driven explainability requirements, emphasizing the importance of multi-modal explainability and the necessity to increase awareness of XAI systems among medical practitioners. Inclusive design was also identified as a crucial need to ensure better alignment of these systems with user needs.",Izegbua E Ihongbe; Shereen Fouad; Taha F Mahmoud; Arvind Rajasekaran; Bahadar Bhatia,2024,PLoS ONE,10.1371/journal.pone.0308758,https://www.semanticscholar.org/paper/11112229889edb04633731b4f218a8d56e2a15ee,71,2024-10-09,accepted,
semantic_scholar,556991c703ebe96424f8698497bd6a6e7b2fde1d,Explainable Artificial Intelligence (Al) through human-AI collaborative frameworks: Quantifying trust and interpretability in high-stakes decisions,"Explainable Artificial Intelligence (XAI) through human-AI collaborative frameworks is essential for building trust and interpretability in high-stakes decision-making processes. As AI systems are increasingly deployed in critical areas such as healthcare, finance, and criminal justice, the need for transparency and accountability in AI-driven decisions becomes paramount. High-stakes decisions often involve complex, high-consequence outcomes, where understanding and trusting AI predictions are vital. XAI aims to address these concerns by providing understandable, transparent explanations for AI decisions, making it possible for human experts to comprehend and, when necessary, override or adjust AI outputs. Human-AI collaboration focuses on enhancing the decision-making capabilities of both humans and machines by combining the strengths of AI’s computational power with human intuition and experience. By ensuring that AI systems are explainable, this collaboration fosters trust between humans and AI, essential for smooth integration in sensitive fields. Trust is crucial in high-stakes contexts, as users need to rely on AI outputs and integrate them into their decision-making processes. To quantify this trust, various metrics and frameworks have been developed, measuring aspects such as reliability, fairness, and the transparency of AI models. Interpretability is equally vital, as it allows users to trace and understand the rationale behind AI predictions. In high-stakes domains, transparent AI models support legal, ethical, and social accountability, ensuring that decisions are made with a clear understanding of how and why the AI reached a particular conclusion. However, achieving a balance between complex, high-performing AI models and the need for interpretability presents significant challenges. This explores how human-AI collaborative frameworks can address these challenges, enhancing the effectiveness, fairness, and trustworthiness of AI systems in high-stakes decision-making environments. Keywords: Explainable Artificial Intelligence, Human-Al, Frameworks Trust and Interpretability, High-Stakes Decisions.",Roy Okonkwo; Adebola Folorunso; Foyeke Ogundipe; Clement Yayra Tettey,2025,Computer Science &amp; IT Research Journal,10.51594/csitrj.v6i5.1934,https://www.semanticscholar.org/paper/556991c703ebe96424f8698497bd6a6e7b2fde1d,8,2025-06-05,accepted,
semantic_scholar,959e56c8323c2d1b27c9b5bb87062398264cd36f,Exploring the Landscape of Explainable Artificial Intelligence (XAI): A Systematic Review of Techniques and Applications,"Artificial intelligence (AI) encompasses the development of systems that perform tasks typically requiring human intelligence, such as reasoning and learning. Despite its widespread use, AI often raises trust issues due to the opacity of its decision-making processes. This challenge has led to the development of explainable artificial intelligence (XAI), which aims to enhance user understanding and trust by providing clear explanations of AI decisions and processes. This paper reviews existing XAI research, focusing on its application in the healthcare sector, particularly in medical and medicinal contexts. Our analysis is organized around key properties of XAI—understandability, comprehensibility, transparency, interpretability, and explainability—providing a comprehensive overview of XAI techniques and their practical implications.",Sayda Umma Hamida; Mohammad Jabed Morshed Chowdhury; Narayan Ranjan Chakraborty; Kamanashis Biswas; S. Sami,2024,Big Data and Cognitive Computing,10.3390/bdcc8110149,https://www.semanticscholar.org/paper/959e56c8323c2d1b27c9b5bb87062398264cd36f,54,2024-10-31,accepted,
semantic_scholar,1e31e2132c1bb8aea8ecb4f2fb735a8901c5b943,NextGen lung disease diagnosis with explainable artificial intelligence,"The COVID-19 pandemic has been the most catastrophic global health emergency of the \documentclass[12pt]{minimal} \usepackage{amsmath} \usepackage{wasysym} \usepackage{amsfonts} \usepackage{amssymb} \usepackage{amsbsy} \usepackage{mathrsfs} \usepackage{upgreek} \setlength{\oddsidemargin}{-69pt} \begin{document}$$21^{st}$$\end{document} century, resulting in hundreds of millions of reported cases and five million deaths. Chest X-ray (CXR) images are highly valuable for early detection of lung diseases in monitoring and investigating pulmonary disorders such as COVID-19, pneumonia, and tuberculosis. These CXR images offer crucial features about the lung’s health condition and can assist in making accurate diagnoses. Manual interpretation of CXR images is challenging even for expert radiologists due to the overlapping radiological features. Therefore, Artificial Intelligence (AI) based image processing took over the charge in healthcare. But still it is uncertain to trust the prediction results by an AI model. However, this can be resolved by implementing explainable artificial intelligence (XAI) tools that transform a black-box AI into a glass-box model. In this research article, we have proposed a novel XAI-TRANS model with inception based transfer learning addressing the challenge of overlapping features in multiclass classification of CXR images. Also, we proposed an improved U-Net Lung segmentation dedicated to obtaining the radiological features for classification. The proposed approach achieved a maximum precision of 98% and accuracy of 97% in multiclass lung disease classification. By leveraging XAI techniques with the evident improvement of 4.75%, specifically LIME and Grad-CAM, to provide detailed and accurate explanations for the model’s prediction.",Nirmala Veeramani; Reshma Sherine S.A; S. S; S. S; Premaladha Jayaraman,2025,Scientific Reports,10.1038/s41598-025-07603-4,https://www.semanticscholar.org/paper/1e31e2132c1bb8aea8ecb4f2fb735a8901c5b943,8,2025-09-26,accepted,
semantic_scholar,59e6f76680499eb87e53c37daed00f4baa166c28,The ethics of non-explainable artificial intelligence: an overview for clinical nurses.,"Artificial intelligence (AI) is transforming healthcare by enhancing clinical decision-making, particularly in nursing, where it supports tasks such as diagnostics, risk assessments, and care planning. However, the integration of non-explainable AI (NXAI) - which operates without fully transparent, interpretable mechanisms - presents ethical challenges related to accountability, autonomy, and trust. While explainable AI (XAI) aligns well with nursing's bioethical principles by fostering transparency and patient trust, NXAI's complexity offers distinct advantages in predictive accuracy and efficiency. This article explores the ethical tensions between XAI and NXAI in nursing, advocating a balanced approach that emphasises outcome validation, shared accountability, and clear communication with patients. By focusing on patient-centred, ethically sound frameworks, it is argued that nurses can integrate NXAI into practice, addressing challenges and preserving core nursing values in a rapidly evolving digital landscape.",Matthew Wynn,2025,British Journal of Nursing,10.12968/bjon.2024.0394,https://www.semanticscholar.org/paper/59e6f76680499eb87e53c37daed00f4baa166c28,8,2025-03-06,accepted,
semantic_scholar,7a09e21059f00d8f5e4b7b2228bf1700c188a263,"Developing an Explainable Artificial Intelligence System for the Mobile-Based Diagnosis of Febrile Diseases Using Random Forest, LIME, and GPT","Objectives This study proposes a mobile-based explainable artificial intelligence (XAI) platform designed for diagnosing febrile illnesses. Methods We integrated the interpretability offered by local interpretable model-agnostic explanations (LIME) and the explainability provided by generative pre-trained transformers (GPT) to bridge the gap in understanding and trust often created by machine learning models in critical healthcare decision-making. The developed system employed random forest for disease diagnosis, LIME for interpretation of the results, and GPT-3.5 for generating explanations in easy-to-understand language. Results Our model demonstrated robust performance in detecting malaria, achieving precision, recall, and F1-scores of 85%, 91%, and 88%, respectively. It performed moderately well in detecting urinary tract and respiratory tract infections, with precision, recall, and F1-scores of 80%, 65%, and 72%, and 77%, 68%, and 72%, respectively, maintaining an effective balance between sensitivity and specificity. However, the model exhibited limitations in detecting typhoid fever and human immunodeficiency virus/acquired immune deficiency syndrome, achieving lower precision, recall, and F1-scores of 69%, 53%, and 60%, and 75%, 39%, and 51%, respectively. These results indicate missed true-positive cases, necessitating further model fine-tuning. LIME and GPT-3.5 were integrated to enhance transparency and provide natural language explanations, thereby aiding decision-making and improving user comprehension of the diagnoses. Conclusions The LIME plots revealed key symptoms influencing the diagnoses, with bitter taste in the mouth and fever showing the highest negative influence on predictions, and GPT-3.5 provided natural language explanations that increased the reliability and trustworthiness of the system, promoting improved patient outcomes and reducing the healthcare burden.",K. Attai; Constance Amannah; M. Ekpenyong; D. Asuquo; O. K. Akputu; O. Obot; Peterben C. Ajuga; Jeremiah C. Obi; O. Maduka; C. Akwaowo; Faith-Michael E. Uzoka,2025,Healthcare Informatics Research,10.4258/hir.2025.31.2.125,https://www.semanticscholar.org/paper/7a09e21059f00d8f5e4b7b2228bf1700c188a263,5,2025-04-01,accepted,
semantic_scholar,346f01d78a4ce4a47781eb49ae044668d7b50fa7,"Explainable Artificial Intelligence: A Comprehensive Review of Techniques, Applications, and Emerging Trends","The growing reliance on opaque deep learning models in critical domains has intensified the demand for transparency, accountability, and interpretability of artificial intelligence systems. Explainable Artificial Intelligence (XAI) seeks to address this through methods that clarify how models make predictions, fostering informed oversight and trust. This review synthesizes foundational concepts in XAI, distinguishing interpretability from explainability and contrasting intrinsic with post-hoc methods, as well as local with global explanations. It surveys major techniques such as feature attribution, gradient-based methods, surrogate models, counterfactual reasoning, and inherently interpretable architectures alongside widely used tools, frameworks, and evaluation metrics, including fidelity, human interpretability, robustness, and efficiency. Applications in healthcare, finance, law, and autonomous systems are discussed, highlighting domain-specific interpretability needs. Persistent challenges, including inconsistent terminology, subjective evaluation, and adversarial vulnerabilities, are examined. The review concludes with emerging directions in human-centered, real-time, and multimodal explanations, aiming to guide the design of XAI systems that are both technically sound and aligned with societal expectations.",Munyao Muia; Jackson Kamiri,2025,International Journal of Scientific Research in Computer Science and Engineering,10.26438/ijsrcse.v13i4.740,https://www.semanticscholar.org/paper/346f01d78a4ce4a47781eb49ae044668d7b50fa7,4,2025-08-31,accepted,
semantic_scholar,ac445ef80fc8f5a219d32706bc79d5f634d67d92,A Survey of the Application of Explainable Artificial Intelligence in Biomedical Informatics,"This review investigates the application of Explainable Artificial Intelligence (XAI) in biomedical informatics, encompassing domains such as medical imaging, genomics, and electronic health records. Through a systematic analysis of 43 peer-reviewed articles, we examine current trends, as well as the strengths and limitations of methodologies currently used in real-world healthcare settings. Our findings highlight a growing interest in XAI, particularly in medical imaging, yet reveal persistent challenges in clinical adoption, including issues of trust, interpretability, and integration into decision-making workflows. We identify critical gaps in existing approaches and underscore the need for more robust, human-centred, and intrinsically interpretable models, with only 44% of the papers studied proposing human-centred validations. Furthermore, we argue that fairness and accountability, which are key to the acceptance of AI in clinical practice, can be supported by the use of post hoc tools for identifying potential biases but ultimately require the implementation of complementary fairness-aware or causal approaches alongside evaluation frameworks that prioritise clinical relevance and user trust. This review provides a foundation for advancing XAI research on the development of more transparent, equitable, and clinically meaningful AI systems for use in healthcare.",Hassan Eshkiki; Farinaz Tanhaei; Fabio Caraffini; Benjamin Mora,2025,Applied Sciences,10.3390/app152412934,https://www.semanticscholar.org/paper/ac445ef80fc8f5a219d32706bc79d5f634d67d92,4,2025-12-08,accepted,
semantic_scholar,5e9ebbba8c5b6101b5aa24456aa492f9f70f348b,SmartScanPCOS: A feature-driven approach to cutting-edge prediction of Polycystic Ovary Syndrome using Machine Learning and Explainable Artificial Intelligence,"PolyCystic Ovarian Syndrome (PCOS) poses significant challenges to women's reproductive health due to its diagnostic complexity arising from a variety of symptoms, including hirsutism, anovulation, pain, obesity, hyperandrogenism, and oligomenorrhea, necessitating multiple clinical tests. Leveraging Artificial Intelligence (AI) in healthcare offers several benefits that can significantly impact patient care, streamline operations, and improve medical outcomes overall. This study presents an Explainable Artificial Intelligence (XAI)-driven PCOS smart predictor, structured as a hierarchical ensemble consisting of two tiers of Random Forest classifiers following extensive analysis of seven conventional classifiers and two additional stacking ensemble classifiers. An open-source data set comprising numerical parametric features linked to PCOS for classifier training was used. Moreover, to identify essential features for PCOS prediction three feature selection methods: Threshold-driven Optimized Principal Component Analysis (TOPCA), Optimized Salp Swarm (OSSM), and Threshold-driven Optimized Mutual Information Method (TOMIM) were fine-tuned through thresholding and improvisation to detect diverse attribute sets with varying numbers and combinations. Notably, the two-level Random Forest classifier model outperformed others with a remarkable 99.31 % accuracy by employing the top 17 features selected through the Threshold-driven Optimized Mutual Information Method (TOMIM) along with anoverallaccuracy of 99.32 % with 8 fold cross validation for 25 runs. The Smart predictor, constructed using Shapash - a Python library for Explainable Artificial Intelligence - was utilized to deploy the two-level Random Forest classifier model. Ensuring transparency and result reliability, visualizations from robust Explainable AI libraries were employed at different prediction stages for all considered classifiers in this study.",Umaa Mahesswari G; U. P,2024,Heliyon,10.1016/j.heliyon.2024.e39205,https://www.semanticscholar.org/paper/5e9ebbba8c5b6101b5aa24456aa492f9f70f348b,41,2024-10-01,accepted,
semantic_scholar,a0a5bab3e98f8d8df06b99bf38d8fcad2e12e1c5,Incorporating Explainable Artificial Intelligence (XAI) to aid the Understanding of Machine Learning in the Healthcare Domain,,Urja Pawar; Donna O’Shea; S. Rea; Ruairi O'Reilly,2020,Irish Conference on Artificial Intelligence and Cognitive Science,,https://www.semanticscholar.org/paper/a0a5bab3e98f8d8df06b99bf38d8fcad2e12e1c5,58,,accepted,
semantic_scholar,05aae448e22849d56418fefb06ca810836e27a69,Trustworthy deep learning for malaria diagnosis using explainable artificial intelligence,"Malaria remains a major global health concern, particularly in regions with limited healthcare infrastructure. Traditional diagnostic methods such as microscopy, rapid diagnostic tests (RDTs), and polymerase chain reaction (PCR) suffer from scalability, sensitivity, and expertise-related limitations, underscoring the need for automated diagnostic strategies. This study investigates deep learning models for malaria detection from blood smear images. Four convolutional neural networks (CNNs), MobileNetV2, VGG19, InceptionV3, and ResNet18, were empirically evaluated, with ResNet18 achieving the highest F1-score of 96.33%. Building on these results, two advanced hybrid architectures, Xception and Inception-ResNetV2, were fine-tuned on a dataset of 27,090 images from the Kaggle malaria collection, attaining classification accuracies of approximately 98% on validation and test sets. Model robustness was further confirmed using an independent dataset from the Harvard Dataverse containing thick smear images captured under varied staining and imaging conditions, where accuracy remained consistently high (97–98%). To enhance interpretability and clinical trust, three explainable artificial intelligence (XAI) techniques, Gradient-weighted Class Activation Mapping (Grad-CAM), Local Interpretable Model-agnostic Explanations (LIME), and SHapley Additive exPlanations (SHAP), were employed. These complementary methods provide spatial, superpixel, and pixel-level transparency into the models’ decision-making. Furthermore, representative misdiagnosed samples are presented, wherein these visualization techniques reveal morphological and staining artifacts that led to erroneous predictions, clarifying model failure modes and improving transparency. The proposed AI-based diagnostic framework thus demonstrates high accuracy, interpretability, and generalization, representing a scalable solution for malaria detection in resource-limited healthcare settings.",Rahila Parveen; Baozhi Qui; Wei Song; N. Al-Kahtani; M. M. Jamjoom; S. Mostafa; Nadia Sultan; Joddat Fatima,2025,Scientific Reports,10.1038/s41598-025-28387-7,https://www.semanticscholar.org/paper/05aae448e22849d56418fefb06ca810836e27a69,9,2025-12-01,accepted,
semantic_scholar,a84c5c27b776ca636f2c5ed120e8fcf7669224b0,Detection of sickle cell disease using deep neural networks and explainable artificial intelligence,"Abstract Sickle cell disease (SCD), a blood disorder that transforms the shape of red blood cells into a distinctive sickle form, is a major concern as it not only compromises the blood’s oxygen-carrying capacity but also poses significant health risks, ranging from weakness to paralysis and, in severe cases, even fatality. This condition not only underscores the pressing need for innovative solutions but also encapsulates the broader challenges faced by medical professionals, including delayed treatment, protracted processes, and the potential for subjective errors in diagnosis and classification. Consequently, the application of artificial intelligence (AI) in healthcare has emerged as a transformative force, inspiring multidisciplinary efforts to overcome the complexities associated with SCD and enhance diagnostic accuracy and treatment outcomes. The use of transfer learning helps to extract features from the input dataset and give an accurate prediction. We analyse and compare the performance parameters of three distinct models for this purpose: GoogLeNet, ResNet18, and ResNet50. The best results were shown by the ResNet50 model, with an accuracy of 94.90%. Explainable AI is the best approach for transparency and confirmation of the predictions made by the classifiers. This research utilizes Grad-CAM to interpret and make the models more reliable. Therefore, this specific approach benefits pathologists through its speed, precision, and accuracy of classification of sickle cells.",N. Goswami; Anushree Goswami; Niranjana Sampathila; G. M. Bairy; Krishnaraj Chadaga; S. Belurkar,2024,Journal of Intelligent Systems,10.1515/jisys-2023-0179,https://www.semanticscholar.org/paper/a84c5c27b776ca636f2c5ed120e8fcf7669224b0,40,2024-01-01,accepted,
semantic_scholar,33158e438cc21757869cdb447bcd03af7b79f7e9,The application of explainable artificial intelligence (XAI) in electronic health record research: A scoping review,"Machine Learning (ML) and Deep Learning (DL) models show potential in surpassing traditional methods including generalised linear models for healthcare predictions, particularly with large, complex datasets. However, low interpretability hinders practical implementation. To address this, Explainable Artificial Intelligence (XAI) methods are proposed, but a comprehensive evaluation of their effectiveness is currently limited. The aim of this scoping review is to critically appraise the application of XAI methods in ML/DL models using Electronic Health Record (EHR) data. In accordance with PRISMA scoping review guidelines, the study searched PUBMED and OVID/MEDLINE (including EMBASE) for publications related to tabular EHR data that employed ML/DL models with XAI. Out of 3220 identified publications, 76 were included. The selected publications published between February 2017 and June 2023, demonstrated an exponential increase over time. Extreme Gradient Boosting and Random Forest models were the most frequently used ML/DL methods, with 51 and 50 publications, respectively. Among XAI methods, Shapley Additive Explanations (SHAP) was predominant in 63 out of 76 publications, followed by partial dependence plots (PDPs) in 11 publications, and Locally Interpretable Model-Agnostic Explanations (LIME) in 8 publications. Despite the growing adoption of XAI methods, their applications varied widely and lacked critical evaluation. This review identifies the increasing use of XAI in tabular EHR research and highlights a deficiency in the reporting of methods and a lack of critical appraisal of validity and robustness. The study emphasises the need for further evaluation of XAI methods and underscores the importance of cautious implementation and interpretation in healthcare settings.",J. Caterson; Alexandra Lewin; E. Williamson,2024,Digital Health,10.1177/20552076241272657,https://www.semanticscholar.org/paper/33158e438cc21757869cdb447bcd03af7b79f7e9,39,2024-01-01,accepted,
semantic_scholar,c336299b31ff2c667d6025afd09e0ece6544ddc8,Explainable artificial intelligence-driven gestational diabetes mellitus prediction using clinical and laboratory markers,"Abstract Gestational diabetes is characterized by hyperglycemia diagnosed during pregnancy. High blood sugar levels are likely to affect both the mother and child. This disease frequently goes undiagnosed due to its fewer prominent symptoms, resulting in severe unmanaged hyperglycemia, obesity, childbirth complications and overt diabetes. Artificial Intelligence is increasingly deployed in the medical field, revolutionizing and automating data processing and decision-making. Machine learning is a subset of artificial intelligence that can create reliable healthcare screening and predictive systems. With the advent of machine learning, detecting gestational diabetes and getting more profound insights about the disease is possible. This study explores the development of a reliable clinical decision support system for gestational diabetes detection using multiple machine learning architectures using combinations of five data balancing methods to detect gestational diabetes. An ensemble stack trained on the synthetic minority oversampling technique with edited nearest neighbor obtained the highest performance with accuracy, sensitivity and precision of 96%, 95% and 99%, respectively. Additionally, a layer of explainable artificial intelligence was added to the best-performing model using libraries such as SHapley Additive exPlanations, Local Interpretable Model-agnostic Explanations, Quantum lattice, Explain Like I’m 5 algorithm, Anchor and Feature importance. The importance of factors such as Visceral Adipose Deposit and its contribution toward the prediction of gestational diabetes is explored. This research aims to provide a meaningful and interpretable clinical decision support system to aid healthcare professionals in early gestational diabetes detection and improved patient management.",Varada Vivek Khanna; Krishnaraj Chadaga; N. Sampathila; S. Prabhu; Rajagopala Chadaga P.; Devadas Bhat; S. S.,2024,Cogent Engineering,10.1080/23311916.2024.2330266,https://www.semanticscholar.org/paper/c336299b31ff2c667d6025afd09e0ece6544ddc8,33,2024-03-26,accepted,
semantic_scholar,1943a5ed302536d88b93c8a7a593bd60775bb6bf,Breast Cancer Diagnosis: A Comprehensive Exploration of Explainable Artificial Intelligence (XAI) Techniques,"Breast cancer (BC) stands as one of the most common malignancies affecting women worldwide, necessitating advancements in diagnostic methodologies for better clinical outcomes. This article provides a comprehensive exploration of the application of Explainable Artificial Intelligence (XAI) techniques in the detection and diagnosis of breast cancer. As Artificial Intelligence (AI) technologies continue to permeate the healthcare sector, particularly in oncology, the need for transparent and interpretable models becomes imperative to enhance clinical decision-making and patient care. This review discusses the integration of various XAI approaches, such as SHAP, LIME, Grad-CAM, and others, with machine learning and deep learning models utilized in breast cancer detection and classification. By investigating the modalities of breast cancer datasets, including mammograms, ultrasounds and their processing with AI, the paper highlights how XAI can lead to more accurate diagnoses and personalized treatment plans. It also examines the challenges in implementing these techniques and the importance of developing standardized metrics for evaluating XAI's effectiveness in clinical settings. Through detailed analysis and discussion, this article aims to highlight the potential of XAI in bridging the gap between complex AI models and practical healthcare applications, thereby fostering trust and understanding among medical professionals and improving patient outcomes.",Samita Bai; Sidra Nasir; Rizwan Ahmed Khan; Sheeraz Arif; A. Meyer; H. Konik,2024,arXiv.org,10.1109/ACCESS.2025.3639184,https://www.semanticscholar.org/paper/1943a5ed302536d88b93c8a7a593bd60775bb6bf,25,2024-06-01,accepted,
semantic_scholar,f3f2a38d41b098f93f7fc6a25067f1b44ebe4a59,Explainable Artificial Intelligence in Quantifying Breast Cancer Factors: Saudi Arabia Context,"Breast cancer represents a significant health concern, particularly in Saudi Arabia, where it ranks as the most prevalent cancer type among women. This study focuses on leveraging eXplainable Artificial Intelligence (XAI) techniques to predict benign and malignant breast cancer cases using various clinical and pathological features specific to Saudi Arabian patients. Six distinct models were trained and evaluated based on common performance metrics such as accuracy, precision, recall, F1 score, and AUC-ROC score. To enhance interpretability, Local Interpretable Model-Agnostic Explanations (LIME) and SHapley Additive exPlanations (SHAP) were applied. The analysis identified the Random Forest model as the top performer, achieving an accuracy of 0.72, along with robust precision, recall, F1 score, and AUC-ROC score values. Conversely, the Support Vector Machine model exhibited the poorest performance metrics, indicating its limited predictive capability. Notably, the XAI approaches unveiled variations in the feature importance rankings across models, underscoring the need for further investigation. These findings offer valuable insights into breast cancer diagnosis and machine learning interpretation, aiding healthcare providers in understanding and potentially integrating such technologies into clinical practices.",Turki Alelyani; Maha M. Alshammari; Afnan Almuhanna; Onur Asan,2024,Healthcare,10.3390/healthcare12101025,https://www.semanticscholar.org/paper/f3f2a38d41b098f93f7fc6a25067f1b44ebe4a59,22,2024-05-01,accepted,
semantic_scholar,eac396535483234223fc3e71dd3e53168ed9b5bd,Predicting lung cancer risk using explainable artificial intelligence,"Lung cancer is a lethal disease that claims numerous lives annually, and early detection is essential for improving survival rates. Machine learning has shown promise in predicting lung cancer risk, but the lack of transparency and interpretability in black-box models impedes the understanding of factors that contribute to risk. Explainable artificial intelligence (XAI) can overcome this limitation by providing a clear and understandable approach to machine learning. In this study, we will use a large patient record dataset to train an XAI-based model that considers various patient information, including lifestyle factors, clinical data, and medical history, for predicting lung cancer risk. We will use different XAI techniques, including decision trees, partial dependence plots, and feature importance, to interpret the model’s predictions. These methods will provide healthcare professionals with a transparent and interpretable framework for screening and treatment decisions concerning lung cancer risk.",Shahin Shoukat Makubhai; Ganesh R. Pathak; Pankaj R. Chandre,2024,Bulletin of Electrical Engineering and Informatics,10.11591/eei.v13i2.6280,https://www.semanticscholar.org/paper/eac396535483234223fc3e71dd3e53168ed9b5bd,20,2024-04-01,accepted,
semantic_scholar,044a0ddac6aaeaa518e79a1bbab929a97a6c9994,An interpretable schizophrenia diagnosis framework using machine learning and explainable artificial intelligence,"Schizophrenia is a complicated and multidimensional mental condition marked by a wide range of emotional, cognitive, and behavioural symptoms. Although the exact root cause of schizophrenia is unknown, experts believe that a complex interaction of genetic, environmental, neurobiological, neurodevelopmental, and immune system dysfunctional elements are the contributing factors. In healthcare, artificial intelligence (AI) is used for analysing big datasets, enhance patient care, personalize treatment regimens, improve diagnostic accuracy, and expedite administrative duties. Hence, ML has been used to diagnose Schizophrenia in this study. The term ‘explainable artificial intelligence' (XAI) describes the development of AI systems that are able to provide understandable explanations for their choices as well as behaviours. In our research paper, we harnessed the power of five diverse XAI methodologies: LIME (Local Interpretable Model-agnostic Explanations), SHAP (Shapley Additive exPlanations), ELI5 (Explain Like I'm 5), QLattice, and Anchor. According to (XAI), the most significant attributes include age range, sex, the presence of a triradius on the left thumb, the total number of triradii, and the left thenar region's palmar pattern. By enabling early intervention, automatic identification of schizophrenia using XAI can benefit patients, assisting doctors in making precise diagnoses, assisting medical personnel in maximizing resource allocation and care coordination.",Samhita Shivaprasad; Krishnaraj Chadaga; C. Dias; Niranjana Sampathila; S. Prabhu,2024,Systems Science &amp; Control Engineering,10.1080/21642583.2024.2364033,https://www.semanticscholar.org/paper/044a0ddac6aaeaa518e79a1bbab929a97a6c9994,15,2024-06-27,accepted,
semantic_scholar,8c28559672361149bf314804e22ed953bfebb6b8,Explainable Artificial Intelligence on Biosignals for Clinical Decision Support,"Deep learning has proven effective in several areas, including computer vision, natural language processing, and disease prediction, which can support clinicians in making decisions along the clinical pathway. However, in order to successfully integrate these algorithms into clinical practice, it is important that their decision-making processes are transparent, explainable, and interpretable. Firstly, this tutorial will introduce targeted eXplainable Artificial Intelligence (XAI) methods to address the urgent need for explainability of deep learning in healthcare applications. In particular, it focuses on algorithms for raw biosignals without prior feature extraction that enable medical diagnoses, specifically electrocardiograms (ECG) -- stemming from the heart -- and electroencephalograms (EEG) representing the electrical activity of the brain. Secondly, participants are provided with a comprehensive workflow that includes both data processing and an introduction to relevant network architectures. Subsequently, various XAI methods are described and it is shown, how the resulting relevance attributions can be visualized on biosignals. Finally, two compelling real-world use cases are presented that demonstrate the effectiveness of XAI in analyzing ECG and EEG signals for disease prediction and sleep classification, respectively. In summary, the tutorial will provide the skills required for gaining insight into the decision process of deep neural networks processing authentic clinical biosignal data.",M. C. Maurer; J. M. Metsch; P. Hempel; Theresa Bender; N. Spicher; Anne-Christin Hauschild,2024,Knowledge Discovery and Data Mining,10.1145/3637528.3671459,https://www.semanticscholar.org/paper/8c28559672361149bf314804e22ed953bfebb6b8,16,2024-08-24,accepted,
semantic_scholar,f28a73962f196ec175816e778e8dd946fdcf13a6,Explainable Artificial Intelligence (XAI) Techniques To Enhance Transparency In Deep Learning Models,"Deep learning has revolutionized many fields, but caused the 'black-box' problem, where model prediction is not interpretable and transparent. Explainable Artificial Intelligence (XAI) attempts to overcome this problem with the help of Interpretability and Transparency in AI systems. We review important XAI methods focusing on LIME, SHAP and saliency maps that explain the elements behind model predictions. The paper discusses about the role of Explainable Artificial Intelligence (XAI) in high-stake fields such as healthcare, finance and autonomous systems, emphasizing on why trust is important for these sectors and how they help adhere to regulations while promoting ethical AI use. Despite the promise of Explainable Artificial Intelligence (XAI) in promoting transparency, challenges persist, including standardization of interpretability metrics and some users may have difficulty associating their rationales to transparent forms. The study highlights the need for XAI frameworks that are not only robust but also scalable so as to provide a bridge between complex AI systems and their deployment in society. In the end, it is XAI that enables us to use AI in a responsible way in the most critical domains of our modern lives by creating an atmosphere of accountability, fair treatment and trust",Nasir Musa Imam; A. Ibrahim; M. Tiwari,2024,IOSR Journal of Computer Engineering,10.9790/0661-2606012936,https://www.semanticscholar.org/paper/f28a73962f196ec175816e778e8dd946fdcf13a6,18,2024-12-01,accepted,
semantic_scholar,10b694d0ba5bd4537de36f4d113f68627b8b2691,Smart Vision Transparency: Efficient Ocular Disease Prediction Model Using Explainable Artificial Intelligence,"The early prediction of ocular disease is certainly an obligatory concern in the domain of ophthalmic medicine. Although modern scientific discoveries have shown the potential to treat eye diseases by using artificial intelligence (AI) and machine learning, explainable AI remains a crucial challenge confronting this area of research. Although some traditional methods put in significant effort, they cannot accurately predict the proper ocular diseases. However, incorporating AI into diagnosing eye diseases in healthcare complicates the situation as the decision-making process of AI demonstrates complexity, which is a significant concern, especially in major sectors like ocular disease prediction. The lack of transparency in the AI models may hinder the confidence and trust of the doctors and the patients, as well as their perception of the AI and its abilities. Accordingly, explainable AI is significant in ensuring trust in the technology, enhancing clinical decision-making ability, and deploying ocular disease detection. This research proposed an efficient transfer learning model for eye disease prediction to transform smart vision potential in the healthcare sector and meet conventional approaches’ challenges while integrating explainable artificial intelligence (XAI). The integration of XAI in the proposed model ensures the transparency of the decision-making process through the comprehensive provision of rationale. This proposed model provides promising results with 95.74% accuracy and explains the transformative potential of XAI in advancing ocular healthcare. This significant milestone underscores the effectiveness of the proposed model in accurately determining various types of ocular disease. It is clearly shown that the proposed model is performing better than the previously published methods.",Sagheer Abbas; Adnan Qaisar; M. S. Farooq; Muhammad Saleem; Munir Ahmad; Muhammad Adnan Khan,2024,Italian National Conference on Sensors,10.3390/s24206618,https://www.semanticscholar.org/paper/10b694d0ba5bd4537de36f4d113f68627b8b2691,19,2024-10-01,accepted,
semantic_scholar,fe70262ce7e8d2f8c753315fee8fefadcacbf569,Explainable artificial intelligence for medical imaging: Review and experiments with infrared breast images,"There is a growing trend of using artificial intelligence, particularly deep learning algorithms, in medical diagnostics, revolutionizing healthcare by improving efficiency, accuracy, and patient outcomes. However, the use of artificial intelligence in medical diagnostics comes with the critical need to explain the reasoning behind artificial intelligence‐based predictions and ensure transparency in decision‐making. Explainable artificial intelligence has emerged as a crucial research area to address the need for transparency and interpretability in medical diagnostics. Explainable artificial intelligence techniques aim to provide insights into the decision‐making process of artificial intelligence systems, enabling clinicians to understand the factors the algorithms consider in reaching their predictions. This paper presents a detailed review of saliency‐based (visual) methods, such as class activation methods, which have gained popularity in medical imaging as they provide visual explanations by highlighting the regions of an image most influential in the artificial intelligence's decision. We also present the literature on non‐visual methods, but the focus will be on visual methods. We also use the existing literature to experiment with infrared breast images for detecting breast cancer. Towards the end of this paper, we also propose an “attention guided Grad‐CAM” that enhances the visualizations for explainable artificial intelligence. The existing literature shows that explainable artificial intelligence techniques are not explored in the context of infrared medical images and opens up a wide range of opportunities for further research to make clinical thermography into assistive technology for the medical community.",Kaushik Raghavan; Sivaselvan Balasubramanian; Kamakoti Veezhinathan,2024,International Conference on Climate Informatics,10.1111/coin.12660,https://www.semanticscholar.org/paper/fe70262ce7e8d2f8c753315fee8fefadcacbf569,13,2024-06-01,accepted,
semantic_scholar,20f2277a87abb669f55fe3fa67b0d61e036c5552,DeepXplainer: An interpretable deep learning based approach for lung cancer detection using explainable artificial intelligence,"BACKGROUND AND OBJECTIVE Artificial intelligence (AI) has several uses in the healthcare industry, some of which include healthcare management, medical forecasting, practical making of decisions, and diagnosis. AI technologies have reached human-like performance, but their use is limited since they are still largely viewed as opaque black boxes. This distrust remains the primary factor for their limited real application, particularly in healthcare. As a result, there is a need for interpretable predictors that provide better predictions and also explain their predictions. METHODS This study introduces ""DeepXplainer"", a new interpretable hybrid deep learning-based technique for detecting lung cancer and providing explanations of the predictions. This technique is based on a convolutional neural network and XGBoost. XGBoost is used for class label prediction after ""DeepXplainer"" has automatically learned the features of the input using its many convolutional layers. For providing explanations or explainability of the predictions, an explainable artificial intelligence method known as ""SHAP"" is implemented. RESULTS The open-source ""Survey Lung Cancer"" dataset was processed using this method. On multiple parameters, including accuracy, sensitivity, F1-score, etc., the proposed method outperformed the existing methods. The proposed method obtained an accuracy of 97.43%, a sensitivity of 98.71%, and an F1-score of 98.08. After the model has made predictions with this high degree of accuracy, each prediction is explained by implementing an explainable artificial intelligence method at both the local and global levels. CONCLUSIONS A deep learning-based classification model for lung cancer is proposed with three primary components: one for feature learning, another for classification, and a third for providing explanations for the predictions made by the proposed hybrid (ConvXGB) model. The proposed ""DeepXplainer"" has been evaluated using a variety of metrics, and the results demonstrate that it outperforms the current benchmarks. Providing explanations for the predictions, the proposed approach may help doctors in detecting and treating lung cancer patients more effectively.",Niyaz Ahmad Wani; Ravinder Kumar; Jatin Bedi,2023,Comput. Methods Programs Biomed.,10.1016/j.cmpb.2023.107879,https://www.semanticscholar.org/paper/20f2277a87abb669f55fe3fa67b0d61e036c5552,275,2023-10-01,accepted,
semantic_scholar,691df1ede73cff8aaab5228368ea1e24807d788c,A Review of Trustworthy and Explainable Artificial Intelligence (XAI),"The advancement of Artificial Intelligence (AI) technology has accelerated the development of several systems that are elicited from it. This boom has made the systems vulnerable to security attacks and allows considerable bias in order to handle errors in the system. This puts humans at risk and leaves machines, robots, and data defenseless. Trustworthy AI (TAI) guarantees human value and the environment. In this paper, we present a comprehensive review of the state-of-the-art on how to build a Trustworthy and eXplainable AI, taking into account that AI is a black box with little insight into its underlying structure. The paper also discusses various TAI components, their corresponding bias, and inclinations that make the system unreliable. The study also discusses the necessity for TAI in many verticals, including banking, healthcare, autonomous system, and IoT. We unite the ways of building trust in all fragmented areas of data protection, pricing, expense, reliability, assurance, and decision-making processes utilizing TAI in several diverse industries and to differing degrees. It also emphasizes the importance of transparent and post hoc explanation models in the construction of an eXplainable AI and lists the potential drawbacks and pitfalls of building eXplainable AI. Finally, the policies for developing TAI in the autonomous vehicle construction sectors are thoroughly examined and eclectic ways of building a reliable, interpretable, eXplainable, and Trustworthy AI systems are explained to guarantee safe autonomous vehicle systems.",V. Chamola; Vikas Hassija; A. Sulthana; D. Ghosh; D. Dhingra; B. Sikdar,2023,IEEE Access,10.1109/ACCESS.2023.3294569,https://www.semanticscholar.org/paper/691df1ede73cff8aaab5228368ea1e24807d788c,275,,accepted,
semantic_scholar,106bcd930e4606f983507a0bed24ab8c909a572f,"Explainable Artificial Intelligence into Cyber-Physical System Architecture of Smart Cities: Technologies, Challenges, and Opportunities","The demand for smart cities stems from the increasing urbanization, limitations on resources, and the aspiration to establish metropolitan areas that are more habitable, adaptable, and interconnected. The integration of Cyber physical Systems (CPS) into smart cities has proven advantageous across diverse areas, such as healthcare, transportation, and manufacturing but as the intricacy of CPS Architecture escalates, the cognitive processes involved in decision-making get progressively convoluted, hence posing a challenge in comprehending and elucidating the system's conclusions in Smart Cities. To enhance the comprehensibility of judgements, it is imperative to combine the CPS architecture with XAI. To visualize the benefits of this integration, the authors carried out a comprehensive analysis utilizing the Scopus database. Diverse search queries were formulated and executed to acquire pertinent articles. Following the search, a total of 24 papers pertaining to the integration of Explainable Artificial Intelligence (XAI) and Cyber-Physical Systems (CPS) were chosen for analysis. A comprehensive evaluation of these publications and a meta-analysis of the results received from the Scopus database allowed for a deep grasp of the topic. The importance of XAI and CPS in Smart Cities rests in their ability to enhance decision-making, promote transparency, and increase efficiency. This study examines the factors that come before and the outcomes that result from combining XAI and CPS, encompassing the technologies involved, the difficulties faced, and the potential advantages. Furthermore, this study highlights the urgent necessity to incorporate XAI with CPS, as evidenced by the research findings published in the Scopus database.",Isha Batra,2024,Journal of Electrical Systems,10.52783/jes.2000,https://www.semanticscholar.org/paper/106bcd930e4606f983507a0bed24ab8c909a572f,10,2024-04-04,accepted,
semantic_scholar,d31df8b4069678e2f32790670e2f4702f596f347,Explainable Artificial Intelligence by Genetic Programming: A Survey,"Explainable artificial intelligence (XAI) has received great interest in the recent decade, due to its importance in critical application domains, such as self-driving cars, law, and healthcare. Genetic programming (GP) is a powerful evolutionary algorithm for machine learning. Compared with other standard machine learning models such as neural networks, the models evolved by GP tend to be more interpretable due to their model structure with symbolic components. However, interpretability has not been explicitly considered in GP until recently, following the surge in the popularity of XAI. This article provides a comprehensive review of the studies on GP that can potentially improve the model interpretability, both explicitly and implicitly, as a byproduct. We group the existing studies related to explainable artificial intelligence by GP into two categories. The first category considers the intrinsic interpretability, aiming to directly evolve more interpretable (and effective) models by GP. The second category focuses on post-hoc interpretability, which uses GP to explain other black-box machine learning models, or explain the models evolved by GP by simpler models such as linear models. This comprehensive survey demonstrates the strong potential of GP for improving the interpretability of machine learning models and balancing the complex tradeoff between model accuracy and interpretability.",Yi Mei; Qi Chen; Andrew Lensen; Bing Xue; Mengjie Zhang,2023,IEEE Transactions on Evolutionary Computation,10.1109/TEVC.2022.3225509,https://www.semanticscholar.org/paper/d31df8b4069678e2f32790670e2f4702f596f347,152,2023-06-01,accepted,
semantic_scholar,74f0f374003e296536a2c6ed5f50e1e2db13d44c,Investigating the Effects of the COVID-19 Pandemic on Stock Volatility in Sub-Saharan Africa: Analysis Using Explainable Artificial Intelligence,"This study examines the impact of the COVID-19 pandemic on sector volatility in sub-Saharan Africa by drawing evidence from two large and two small stock exchanges in the region. The analysis included stock-specific data, COVID-19 metrics, and macroeconomic indicators from January 2019 to July 2022. This study employs generalized autoregressive conditional heteroskedasticity (GARCH) models to estimate volatility and Explainable Artificial Intelligence (XAI) in the form of SHapley Additive exPlanations (SHAP) to identify significant factors driving stock volatility during the pandemic. The findings reveal significant volatility increases at the onset of the pandemic, with government stringency measures leading to increased volatility in larger exchanges, while the introduction of vaccination programs helped to reduce volatility. Weaker macroeconomic fundamentals impact volatility in smaller exchanges. The healthcare sector has emerged as the most resilient, while non-essential sectors, such as consumer discretionary, materials, and real estate, face greater vulnerability, especially in smaller exchanges. The research findings reveal that the heightened stock market volatility observed was mainly a result of the government’s actions to combat the spread of the pandemic, rather than its outbreak. We recommend that governments introduce sound policies to balance public health measures and economic stability, and that investors diversify their investments to reduce the impact of pandemics.",Mbongiseni Ncube; M. Sibanda; F. Matenda,2024,Economies,10.3390/economies12050112,https://www.semanticscholar.org/paper/74f0f374003e296536a2c6ed5f50e1e2db13d44c,7,2024-05-08,accepted,
semantic_scholar,4785f055980c9b7188b481133eeb2348dca39853,Explainable Artificial Intelligence based ML Models for Heart Disease Prediction,"Heart disease prediction is important in healthcare because it enables timely identification and intervention of actual condition of the patient. However, the task of accurately predicting disease remains a challenging task. In this paper, we have proposed a framework for heart disease prediction using explainable artificial intelligence (XAI) based Machine Learning (ML) models such as Decision Tree (DT), Random Forest (RF), k-nearest neighbors (KNN), AdaBoost, Logistic Regression (LR), Naive Bayes (NB), and Neural Network (NN). The efficiency of those models were evaluated using MCC, accuracy, precision, recall, and AUC. Finally, it is observed that, DT emerges as the most effective model offering interpretability. This study underscores the importance of transparent models in healthcare and advocates in order to incorporate XAI to enhance interpretability and medical decision-making.",Sivaram Kommineni; Sanvitha Muddana; Rajiv Senapati,2024,"2024 3rd International Conference on Computational Modelling, Simulation and Optimization (ICCMSO)",10.1109/ICCMSO61761.2024.00042,https://www.semanticscholar.org/paper/4785f055980c9b7188b481133eeb2348dca39853,6,2024-06-14,accepted,
semantic_scholar,d499aef63ad41295dd9f164d880f617610da1c1c,"Enhancing Interpretability, Reliability and Trustworthiness: Applications of Explainable Artificial Intelligence in Medical Imaging, Financial Markets, and Sentiment Analysis","In today’s technological era, as AI systems become more integral to critical decision-making, the importance of Explainable Artificial Intelligence (XAI) has become more pronounced. It addresses the challenge of understanding complex machine learning and deep learning models, ensuring transparency, interpretability, and accountability. This research paper provides a comprehensive analysis of XAI, focusing on its significance, methodologies, challenges, and future prospects. Theoretical foundations of XAI are elucidated, clarifying key concepts such as interpretability, transparency, and accountability. We differentiate between model-agnostic and model-specific XAI methods, outlining their strengths and limitations. A range of recent XAI techniques, including Local Interpretable Model-agnostic Explanations (LIME), SHapley Additive exPlanations (SHAP), and Gradient-weighted Class Activation Mapping (Grad-CAM), are scrutinized. Through case studies in Healthcare (Pneumonia Classification), Finance (Stock Price Prediction), and Entertainment (Sentiment Analysis), we demonstrate how XAI enhances the understandability and trustworthiness of AI systems. Additionally, a comparative study of all three methods on all three case studies has been conducted, and the results are compared. Challenges such as scalability issues and ethical considerations, including biases and fairness, are discussed. Looking ahead, we offer insights into future XAI research trajectories, aiming to foster public trust and shape a future where AI systems are both intelligent and comprehensible.",Kriti Srivastava; Afreen Sorathiya; Jinal Mehta; Vineet Chotaliya,2024,European Conference on Artificial Intelligence,10.1109/ECAI61503.2024.10607516,https://www.semanticscholar.org/paper/d499aef63ad41295dd9f164d880f617610da1c1c,6,2024-06-27,accepted,
semantic_scholar,01ece2b963a6d334dfb0ba50ad096567ca1766c1,A Secure and Reliable Framework for Explainable Artificial Intelligence (XAI) in Smart City Applications,"Living in a smart city has many advantages, such as improved waste and water management, access to quality healthcare facilities, effective and safe transportation systems, and personal protection. Explainable AI (XAI) is called a system that is capable of providing explanations for its judgments or predictions. This term describes a model, its expected impacts, and any potential biases that may be present. XAI tools and frameworks can aid in comprehending and trusting the output and outcomes generated by machine-learning algorithms. This study used XAI methods to classify cities based on smart city metrics. The logistic regression method with LIME achieved perfect accuracy, precision, recall, and F1-score, predicting correctly all cases.",Mohammad Η. Algarni; Shailendra Mishra,2024,"Engineering, Technology &amp; Applied Science Research",10.48084/etasr.7676,https://www.semanticscholar.org/paper/01ece2b963a6d334dfb0ba50ad096567ca1766c1,15,2024-08-02,accepted,
semantic_scholar,77d942cfa2d4b9266080258943048825e7449ad2,Survey of explainable artificial intelligence techniques for biomedical imaging with deep neural networks,"Artificial Intelligence (AI) techniques of deep learning have revolutionized the disease diagnosis with their outstanding image classification performance. In spite of the outstanding results, the widespread adoption of these techniques in clinical practice is still taking place at a moderate pace. One of the major hindrance is that a trained Deep Neural Networks (DNN) model provides a prediction, but questions about why and how that prediction was made remain unanswered. This linkage is of utmost importance for the regulated healthcare domain to increase the trust in the automated diagnosis system by the practitioners, patients and other stakeholders. The application of deep learning for medical imaging has to be interpreted with caution due to the health and safety concerns similar to blame attribution in the case of an accident involving autonomous cars. The consequences of both a false positive and false negative cases are far reaching for patients' welfare and cannot be ignored. This is exacerbated by the fact that the state-of-the-art deep learning algorithms comprise of complex interconnected structures, millions of parameters, and a 'black box' nature, offering little understanding of their inner working unlike the traditional machine learning algorithms. Explainable AI (XAI) techniques help to understand model predictions which help develop trust in the system, accelerate the disease diagnosis, and meet adherence to regulatory requirements. This survey provides a comprehensive review of the promising field of XAI for biomedical imaging diagnostics. We also provide a categorization of the XAI techniques, discuss the open challenges, and provide future directions for XAI which would be of interest to clinicians, regulators and model developers.",S. Nazir; D. Dickson; M. Akram,2023,Comput. Biol. Medicine,10.1016/j.compbiomed.2023.106668,https://www.semanticscholar.org/paper/77d942cfa2d4b9266080258943048825e7449ad2,244,2023-02-01,accepted,
semantic_scholar,cd537c93acca44e3962c5246d1b15cb5ea132f9a,Exploring transparency: A comparative analysis of explainable artificial intelligence techniques in retinography images to support the diagnosis of glaucoma,"Machine learning models are widely applied across diverse fields, including nearly all segments of human activity. In healthcare, artificial intelligence techniques have revolutionized disease diagnosis, particularly in image classification. Although these models have achieved significant results, their lack of explainability has limited widespread adoption in clinical practice. In medical environments, understanding AI model decisions is essential not only for healthcare professionals' trust but also for regulatory compliance, patient safety, and accountability in case of failures. Glaucoma, a neurodegenerative eye disease, can lead to irreversible blindness, making early detection crucial for preventing vision loss. Automated glaucoma detection has been a focus of intensive research in computer vision, with numerous studies proposing the use of convolutional neural networks (CNNs) to analyze retinal fundus images and diagnose the disease automatically. However, these models often lack the necessary explainability, which is essential for ophthalmologists to understand and justify their decisions to patients. This paper explores and applies explainable artificial intelligence (XAI) techniques to different CNN architectures for glaucoma classification, comparing which explanation technique offers the best interpretive resources for clinical diagnosis. We propose a new approach, SCIM (SHAP-CAM Interpretable Mapping), which has shown promising results. The experiments were conducted with an ophthalmology specialist who highlighted that CAM-based interpretability, applied to the VGG16 and VGG19 architectures, stands out as the most effective resource for promoting interpretability and supporting diagnosis.",Cleverson Vieira; Leonardo Rocha; M. Guimarães; D. Dias,2024,Comput. Biol. Medicine,10.1016/j.compbiomed.2024.109556,https://www.semanticscholar.org/paper/cd537c93acca44e3962c5246d1b15cb5ea132f9a,7,2024-12-18,accepted,
semantic_scholar,2b3116944b0d6fbc0e48a9f458d043d16b3556fe,Leveraging Explainable Artificial Intelligence (XAI) Methods Supporting Local and Global Explainability for Smart Grids,"In recent decades, Artificial Intelligence/Machine Learning (AI/ML) methods have been applied in a variety of fields, from healthcare to finance, retail, energy, and many more, with remarkable improvements. However, AI-based solutions are still questionable due to concerns regarding their trustworthiness. Explainable AI (XAI) has become an emerging research field that addresses those concerns about trustworthiness, particularly for explainability and transparency. In this study, three XAI methods supporting local and global explainability, i.e. SHAP, PFI, and LIME, are utilized to investigate the key features and their impact on the model's outputs for solar photovoltaic (PV) power generation forecasting.",Gokcen Ozdemir; Umut Ozdemir; M. Kuzlu; Ferhat Ozgur Catak,2024,Conference Companion on Genetic and Evolutionary Computation,10.1109/GEC61857.2024.10881108,https://www.semanticscholar.org/paper/2b3116944b0d6fbc0e48a9f458d043d16b3556fe,5,2024-12-04,accepted,
semantic_scholar,c483beec0afae8d08f011182460095049025b8d1,Opportunities and Challenges in Explainable Artificial Intelligence (XAI): A Survey,"Nowadays, deep neural networks are widely used in mission critical systems such as healthcare, self-driving vehicles, and military which have direct impact on human lives. However, the black-box nature of deep neural networks challenges its use in mission critical applications, raising ethical and judicial concerns inducing lack of trust. Explainable Artificial Intelligence (XAI) is a field of Artificial Intelligence (AI) that promotes a set of tools, techniques, and algorithms that can generate high-quality interpretable, intuitive, human-understandable explanations of AI decisions. In addition to providing a holistic view of the current XAI landscape in deep learning, this paper provides mathematical summaries of seminal work. We start by proposing a taxonomy and categorizing the XAI techniques based on their scope of explanations, methodology behind the algorithms, and explanation level or usage which helps build trustworthy, interpretable, and self-explanatory deep learning models. We then describe the main principles used in XAI research and present the historical timeline for landmark studies in XAI from 2007 to 2020. After explaining each category of algorithms and approaches in detail, we then evaluate the explanation maps generated by eight XAI algorithms on image data, discuss the limitations of this approach, and provide potential future directions to improve XAI evaluation.",Arun Das; P. Rad,2020,arXiv.org,,https://www.semanticscholar.org/paper/c483beec0afae8d08f011182460095049025b8d1,791,2020-06-16,accepted,
semantic_scholar,9cf5bf7847155c32c075449fdccfd7f2afe17219,"Explainable artificial intelligence (XAI) in medical imaging: a systematic review of techniques, applications, and challenges","Explainable Artificial Intelligence (XAI) is crucial for enhancing transparency and trustworthiness, as well as for developing AI-based diagnostic systems in medical imaging to achieve clinical acceptability and reliability. This synthesis aligns with the current context of XAI in medical imaging on four key dimensions: trends in techniques, their application to clinical use cases or with human subjects, and the associated problems. In radiology and pathology, we report on image analysis based on current literature from credible databases. This review extends on the existing surveys by explicitly addressing the focus on feature selection (FS), graph neural networks (GNNs), and multimodal transformers and combining them to a cohesive XAI taxonomy and matches the techniques to the specific impact points in the clinical workflow in radiology and pathology. We present saliency maps, attention mechanisms, and gradient-based and rule-based elucidations of deep learning (DL) models in today’s healthcare environment. Finally, the results show that XAI significantly enhances overall clinical decision-making by making the high-level reasoning of the model readily available to users, thereby increasing their confidence in clinical decisions despite the remaining obstacles, including standardization, interpretability, data bias, and complicated data integration. From 980 records, 289 duplicates were removed, 691 screened, 209 excluded, 482 full texts assessed, 263 excluded with 219 yielding 133 included studies. Exploring this third dimension within an XAI environment identifies research gaps and paves the way for robust medical imaging XAI solutions. Clinical trial number Not applicable.",Fahad Ahmed; N. Naz; Sunawar Khan; A. ur Rehman; Waleed M. Ismael; Muhammad Adnan Khan,2026,BMC Medical Imaging,10.1186/s12880-025-02118-w,https://www.semanticscholar.org/paper/9cf5bf7847155c32c075449fdccfd7f2afe17219,37,2026-01-05,accepted,
semantic_scholar,5c9566d46ccb1ab640df3df4406ee4c05230337e,Towards Industrial Revolution 5.0 and Explainable Artificial Intelligence: Challenges and Opportunities,": Technological growth is changing our everyday living, making it smarter and more convenient day by day; Smart society 5.0, Healthcare 5.0, Agriculture 5.0 are only a few examples indicative of our fast-evolving lifestyle. The Industrial Revolution 5.0 (IR 5.0) encapsulates future industry development trends to achieve prosperity beyond jobs by incorporating more intelligence in our everyday living with the help of cutting-edge technologies such as Explainable Artificial Intelligence. This paper reviews the enabling technologies for Industry 5.0 and suggests some pertinent research areas requiring more focus. The transition of manufacturing processes from mass production to mass personalization, the anticipated reliance on Cyber-Physical Systems (CPS) and digital twins is visualized, to identify the gaps in fully realizing the revolution. The operations of smart factories to enhance the overall productivity, modern workforce comprising of human-machine collaboration, means of heterogeneous data transmission & data interoperability, and security & privacy issues are reviewed to identify hot research spots, that will eventually fill in the gaps within societal domains to realize Industry 5.0. The potential of the new domain of Explainable Artificial intelligence to understand the application of right tools in a data connected Industry 5.0 compliant smart society is explored. Altogether, this research explores several research challenges and opportunities linked with IR 5.0.",Imran Taj; Noor Zaman Jhanjhi,2022,International Journal of Computing and Digital Systems,10.12785/ijcds/120128,https://www.semanticscholar.org/paper/5c9566d46ccb1ab640df3df4406ee4c05230337e,139,2022-07-01,accepted,
semantic_scholar,8bb95452cdc553246bddb89861b2442fc3cd775d,Tuberculosis detection in chest radiograph using convolutional neural network architecture and explainable artificial intelligence,"In most regions of the world, tuberculosis (TB) is classified as a malignant infectious disease that can be fatal. Using advanced tools and technology, automatic analysis and classification of chest X-rays (CXRs) into TB and non-TB can be a reliable alternative to the subjective assessment performed by healthcare professionals. Thus, in the study, we propose an automatic TB detection system using advanced deep learning (DL) models. A significant portion of a CXR image is dark, providing no information for diagnosis and potentially confusing DL models. Therefore, in the proposed system, we use sophisticated segmentation networks to extract the region of interest from multimedia CXRs. Then, segmented images are fed into the DL models. For the subjective assessment, we use explainable artificial intelligence to visualize TB-infected parts of the lung. We use different convolutional neural network (CNN) models in our experiments and compare their classification performance using three publicly available CXR datasets. EfficientNetB3, one of the CNN models, achieves the highest accuracy of 99.1%, with a receiver operating characteristic of 99.9%, and an average accuracy of 98.7%. Experiment results confirm that using segmented lung CXR images produces better performance than does using raw lung CXR images.",Saad I. Nafisah; G. Muhammad,2022,Neural computing & applications (Print),10.1007/s00521-022-07258-6,https://www.semanticscholar.org/paper/8bb95452cdc553246bddb89861b2442fc3cd775d,138,2022-04-19,accepted,
semantic_scholar,734bd61cc2736a8ce0daa45e7d6c868cbdb59fa1,"Utilizing artificial intelligence to predict and analyze socioeconomic, environmental, and healthcare factors driving tuberculosis globally","Tuberculosis (TB) is a major global health issue, contributing significantly to mortality and morbidity rates worldwide. Socioeconomic, environmental, and healthcare factors significantly impact TB trends. Therefore, we aimed to predict TB and identify the determinants of the disease using advanced artificial intelligence (AI). This study employed the advanced machine learning (ML) model, XGBoost (eXtreme gradient boosting), combined with XAI (eXplainable artificial intelligence) and spatial analysis to describe global TB incidence and mortality rates across 194 countries from 2000 to 2022. Spatial autocorrelation analysis utilizing Moran’s I revealed geographical clusters and significant determinants affecting TB incidence. Treatment success rates and MDR-TB treatment initiation were identified as pivotal determinants of TB incidence. The correlation study revealed a substantial positive relationship between TB incidence in HIV-positive patients and overall TB incidence (r = 0.83). Confirmed cases of MDR-TB had the most significant impact on TB incidence (SHAP = 0.874). Additionally, air pollution had a notable impact on TB incidence (SHAP = 1.36). The XGBoost model demonstrated the best predictive performance for TB incidence and mortality, exhibiting the lowest RMSE (0.88), the highest R2 (0.67), and Adjusted R2 (0.65). This study highlights the potential of integrating XGBoost and XAI methodologies as a holistic framework for effectively tackling global tuberculosis incidence and mortality rates, as well as for the proficient application of advanced analytical techniques in public health.",M. Rahman; Abu Bokkor Shiddik,2025,Scientific Reports,10.1038/s41598-025-96973-w,https://www.semanticscholar.org/paper/734bd61cc2736a8ce0daa45e7d6c868cbdb59fa1,18,2025-04-19,accepted,
arxiv,2604.16340,How Can Explainable Artificial Intelligence Improve Trust and Transparency in Medical Diagnosis Systems?,"The growing adoption of artificial intelligence in healthcare has raised concerns about the transparency and trustworthiness of AI-driven medical diagnosis systems. Many existing models operate as black boxes, limiting clinicians' ability to understand how decisions are made. Explainable Artificial Intelligence (XAI) has been proposed as a solution to improve transparency, interpretability, and trust in AI-assisted medical tools. This study investigates the relationship between explainability and trust in AI-based diagnostic systems. A structured survey of 30 medical students was conducted to examine the influence of XAI understanding, confidence in AI decisions, perceived usefulness, and adoption intentions. The results indicate that explanations significantly increase trust, clarity, and perceived safety of AI recommendations. Knowledge of XAI showed a positive correlation with trust (r = 0.48, p = 0.01) and perceived usefulness (r = 0.60, p = 0.001). The findings suggest that explainability is a key factor for successful integration of AI in healthcare decision support systems. While AI explanations improve transparency and trust, participants still prefer AI to function as a support tool rather than replacing human clinical judgment.",Altynbek Seitenov; Ainur Nurzhanova; Azhar Bekbussinova; Yerassyl Bolatkan,2026,arXiv,,http://arxiv.org/abs/2604.16340v1,,2026-03-14T15:29:10Z,accepted,
arxiv,2410.18725,AI Readiness in Healthcare through Storytelling XAI,"Artificial Intelligence is rapidly advancing and radically impacting everyday life, driven by the increasing availability of computing power. Despite this trend, the adoption of AI in real-world healthcare is still limited. One of the main reasons is the trustworthiness of AI models and the potential hesitation of domain experts with model predictions. Explainable Artificial Intelligence (XAI) techniques aim to address these issues. However, explainability can mean different things to people with different backgrounds, expertise, and goals. To address the target audience with diverse needs, we develop storytelling XAI. In this research, we have developed an approach that combines multi-task distillation with interpretability techniques to enable audience-centric explainability. Using multi-task distillation allows the model to exploit the relationships between tasks, potentially improving interpretability as each task supports the other leading to an enhanced interpretability from the perspective of a domain expert. The distillation process allows us to extend this research to large deep models that are highly complex. We focus on both model-agnostic and model-specific methods of interpretability, supported by textual justification of the results in healthcare through our use case. Our methods increase the trust of both the domain experts and the machine learning experts to enable a responsible AI.",Akshat Dubey; Zewen Yang; Georges Hattab,2024,arXiv,,http://arxiv.org/abs/2410.18725v2,,2024-10-24T13:30:18Z,accepted,
arxiv,2102.01116,Diagnosis of Acute Poisoning Using Explainable Artificial Intelligence,"Medical toxicology is the clinical specialty that treats the toxic effects of substances, be it an overdose, a medication error, or a scorpion sting. The volume of toxicological knowledge and research has, as with other medical specialties, outstripped the ability of the individual clinician to entirely master and stay current with it. The application of machine learning techniques to medical toxicology is challenging because initial treatment decisions are often based on a few pieces of textual data and rely heavily on prior knowledge. ML techniques often do not represent knowledge in a way that is transparent for the physician, raising barriers to usability. Rule-based systems and decision tree learning are more transparent approaches, but often generalize poorly and require expert curation to implement and maintain. Here, we construct a probabilistic logic network to represent a portion of the knowledge base of a medical toxicologist. Our approach transparently mimics the knowledge representation and clinical decision-making of practicing clinicians. The software, dubbed Tak, performs comparably to humans on straightforward cases and intermediate difficulty cases, but is outperformed by humans on challenging clinical cases. Tak outperforms a decision tree classifier at all levels of difficulty. Probabilistic logic provides one form of explainable artificial intelligence that may be more acceptable for use in healthcare, if it can achieve acceptable levels of performance.",Michael Chary; Ed W Boyer; Michele M Burns,2021,arXiv,,http://arxiv.org/abs/2102.01116v1,,2021-02-01T19:16:59Z,accepted,
arxiv,2206.04800,Explainable Artificial Intelligence (XAI) for Internet of Things: A Survey,"Black-box nature of Artificial Intelligence (AI) models do not allow users to comprehend and sometimes trust the output created by such model. In AI applications, where not only the results but also the decision paths to the results are critical, such black-box AI models are not sufficient. Explainable Artificial Intelligence (XAI) addresses this problem and defines a set of AI models that are interpretable by the users. Recently, several number of XAI models have been to address the issues surrounding by lack of interpretability and explainability of black-box models in various application areas such as healthcare, military, energy, financial and industrial domains. Although the concept of XAI has gained great deal of attention recently, its integration into the IoT domain has not yet been fully defined. In this paper, we provide an in-depth and systematic review of recent studies using XAI models in the scope of IoT domain. We categorize the studies according to their methodology and applications areas. In addition, we aim to focus on the challenging problems and open issues and give future directions to guide the developers and researchers for prospective future investigations.",Ibrahim Kok; Feyza Yildirim Okay; Ozgecan Muyanli; Suat Ozdemir,2022,arXiv,,http://arxiv.org/abs/2206.04800v1,,2022-06-07T08:22:30Z,accepted,
arxiv,2308.09380,Deciphering knee osteoarthritis diagnostic features with explainable artificial intelligence: A systematic review,"Existing artificial intelligence (AI) models for diagnosing knee osteoarthritis (OA) have faced criticism for their lack of transparency and interpretability, despite achieving medical-expert-like performance. This opacity makes them challenging to trust in clinical practice. Recently, explainable artificial intelligence (XAI) has emerged as a specialized technique that can provide confidence in the model's prediction by revealing how the prediction is derived, thus promoting the use of AI systems in healthcare. This paper presents the first survey of XAI techniques used for knee OA diagnosis. The XAI techniques are discussed from two perspectives: data interpretability and model interpretability. The aim of this paper is to provide valuable insights into XAI's potential towards a more reliable knee OA diagnosis approach and encourage its adoption in clinical practice.",Yun Xin Teoh; Alice Othmani; Siew Li Goh; Juliana Usman; Khin Wee Lai,2023,arXiv,,http://arxiv.org/abs/2308.09380v1,,2023-08-18T08:23:47Z,accepted,
arxiv,2307.00364,The future of human-centric eXplainable Artificial Intelligence (XAI) is not post-hoc explanations,"Explainable Artificial Intelligence (XAI) plays a crucial role in enabling human understanding and trust in deep learning systems. As models get larger, more ubiquitous, and pervasive in aspects of daily life, explainability is necessary to minimize adverse effects of model mistakes. Unfortunately, current approaches in human-centric XAI (e.g. predictive tasks in healthcare, education, or personalized ads) tend to rely on a single post-hoc explainer, whereas recent work has identified systematic disagreement between post-hoc explainers when applied to the same instances of underlying black-box models. In this paper, we therefore present a call for action to address the limitations of current state-of-the-art explainers. We propose a shift from post-hoc explainability to designing interpretable neural network architectures. We identify five needs of human-centric XAI (real-time, accurate, actionable, human-interpretable, and consistent) and propose two schemes for interpretable-by-design neural network workflows (adaptive routing with InterpretCC and temporal diagnostics with I2MD). We postulate that the future of human-centric XAI is neither in explaining black-boxes nor in reverting to traditional, interpretable models, but in neural networks that are intrinsically interpretable.",Vinitra Swamy; Jibril Frej; Tanja Käser,2023,arXiv,,http://arxiv.org/abs/2307.00364v2,,2023-07-01T15:24:47Z,accepted,
arxiv,2605.02903,A User-Centric Analysis of Explainability in AI-Based Medical Image Diagnosis,"In recent years, AI systems in the medical domain have advanced significantly. However, despite outperforming humans, they are rarely used in practice since it is often not clear how they make their decisions. Optimal explanation and visualization of the decision process are often lacking. Therefore, we conducted a comparative user-centric analysis of the latest state-of-the-art textual, visual and multimodal explainable artificial intelligence (XAI) methods for medical image diagnosis. Our survey of 33 physicians showed that 88% agree that it is important that AI explains the diagnosis -- 64% even strongly agree. A combination of bounding box and report is rated better than the other tested XAI methods in the evaluated aspects understandability, completeness, speed, and applicability. We even tested the potential negative impact of false AI-based medical image diagnoses and found that 50% of the participants trusted false AI diagnoses over all tested XAI methods.",Julia Wagner; Tim Schlippe,2026,arXiv,,http://arxiv.org/abs/2605.02903v1,,2026-03-31T09:42:38Z,accepted,
arxiv,2412.01829,Explainable Artificial Intelligence for Medical Applications: A Review,"The continuous development of artificial intelligence (AI) theory has propelled this field to unprecedented heights, owing to the relentless efforts of scholars and researchers. In the medical realm, AI takes a pivotal role, leveraging robust machine learning (ML) algorithms. AI technology in medical imaging aids physicians in X-ray, computed tomography (CT) scans, and magnetic resonance imaging (MRI) diagnoses, conducts pattern recognition and disease prediction based on acoustic data, delivers prognoses on disease types and developmental trends for patients, and employs intelligent health management wearable devices with human-computer interaction technology to name but a few. While these well-established applications have significantly assisted in medical field diagnoses, clinical decision-making, and management, collaboration between the medical and AI sectors faces an urgent challenge: How to substantiate the reliability of decision-making? The underlying issue stems from the conflict between the demand for accountability and result transparency in medical scenarios and the black-box model traits of AI. This article reviews recent research grounded in explainable artificial intelligence (XAI), with an emphasis on medical practices within the visual, audio, and multimodal perspectives. We endeavour to categorise and synthesise these practices, aiming to provide support and guidance for future researchers and healthcare professionals.",Qiyang Sun; Alican Akman; Björn W. Schuller,2024,arXiv,,http://arxiv.org/abs/2412.01829v1,,2024-11-15T11:31:06Z,accepted,
arxiv,2212.07058,Explainable Artificial Intelligence in Retinal Imaging for the detection of Systemic Diseases,"Explainable Artificial Intelligence (AI) in the form of an interpretable and semiautomatic approach to stage grading ocular pathologies such as Diabetic retinopathy, Hypertensive retinopathy, and other retinopathies on the backdrop of major systemic diseases. The experimental study aims to evaluate an explainable staged grading process without using deep Convolutional Neural Networks (CNNs) directly. Many current CNN-based deep neural networks used for diagnosing retinal disorders might have appreciable performance but fail to pinpoint the basis driving their decisions. To improve these decisions' transparency, we have proposed a clinician-in-the-loop assisted intelligent workflow that performs a retinal vascular assessment on the fundus images to derive quantifiable and descriptive parameters. The retinal vessel parameters meta-data serve as hyper-parameters for better interpretation and explainability of decisions. The semiautomatic methodology aims to have a federated approach to AI in healthcare applications with more inputs and interpretations from clinicians. The baseline process involved in the machine learning pipeline through image processing techniques for optic disc detection, vessel segmentation, and arteriole/venule identification.",Ayushi Raj Bhatt; Rajkumar Vaghashiya; Meghna Kulkarni; Dr Prakash Kamaraj,2022,arXiv,,http://arxiv.org/abs/2212.07058v1,,2022-12-14T07:00:31Z,accepted,
arxiv,2502.14116,SALTY: Explainable Artificial Intelligence Guided Structural Analysis for Hardware Trojan Detection,"Hardware Trojans are malicious modifications in digital designs that can be inserted by untrusted supply chain entities. Hardware Trojans can give rise to diverse attack vectors such as information leakage (e.g. MOLES Trojan) and denial-of-service (rarely triggered bit flip). Such an attack in critical systems (e.g. healthcare and aviation) can endanger human lives and lead to catastrophic financial loss. Several techniques have been developed to detect such malicious modifications in digital designs, particularly for designs sourced from third-party intellectual property (IP) vendors. However, most techniques have scalability concerns (due to unsound assumptions during evaluation) and lead to large number of false positive detections (false alerts). Our framework (SALTY) mitigates these concerns through the use of a novel Graph Neural Network architecture (using Jumping-Knowledge mechanism) for generating initial predictions and an Explainable Artificial Intelligence (XAI) approach for fine tuning the outcomes (post-processing). Experiments show 98% True Positive Rate (TPR) and True Negative Rate (TNR), significantly outperforming state-of-the-art techniques across a large set of standard benchmarks.",Tanzim Mahfuz; Pravin Gaikwad; Tasneem Suha; Swarup Bhunia; Prabuddha Chakraborty,2025,arXiv,,http://arxiv.org/abs/2502.14116v1,,2025-02-19T21:40:00Z,accepted,
arxiv,2006.13427,Using Deep Learning and Explainable Artificial Intelligence in Patients' Choices of Hospital Levels,"In countries that enabled patients to choose their own providers, a common problem is that the patients did not make rational decisions, and hence, fail to use healthcare resources efficiently. This might cause problems such as overwhelming tertiary facilities with mild condition patients, thus limiting their capacity of treating acute and critical patients. To address such maldistributed patient volume, it is essential to oversee patients choices before further evaluation of a policy or resource allocation. This study used nationwide insurance data, accumulated possible features discussed in existing literature, and used a deep neural network to predict the patients choices of hospital levels. This study also used explainable artificial intelligence methods to interpret the contribution of features for the general public and individuals. In addition, we explored the effectiveness of changing data representations. The results showed that the model was able to predict with high area under the receiver operating characteristics curve (AUC) (0.90), accuracy (0.90), sensitivity (0.94), and specificity (0.97) with highly imbalanced label. Generally, social approval of the provider by the general public (positive or negative) and the number of practicing physicians serving per ten thousand people of the located area are listed as the top effecting features. The changing data representation had a positive effect on the prediction improvement. Deep learning methods can process highly imbalanced data and achieve high accuracy. The effecting features affect the general public and individuals differently. Addressing the sparsity and discrete nature of insurance data leads to better prediction. Applications using deep learning technology are promising in health policy making. More work is required to interpret models and practice implementation.",Lichin Chen; Yu Tsao; Ji-Tian Sheu,2020,arXiv,,http://arxiv.org/abs/2006.13427v1,,2020-06-24T02:15:15Z,accepted,
arxiv,2402.07915,Research on Older Adults' Interaction with E-Health Interface Based on Explainable Artificial Intelligence,"This paper proposed a comprehensive mixed-methods framework with varied samples of older adults, including user experience, usability assessments, and in-depth interviews with the integration of Explainable Artificial Intelligence (XAI) methods. The experience of older adults' interaction with the Ehealth interface is collected through interviews and transformed into operatable databases whereas XAI methods are utilized to explain the collected interview results in this research work. The results show that XAI-infused e-health interfaces could play an important role in bridging the age-related digital divide by investigating elders' preferences when interacting with E-health interfaces. Furthermore, the study identifies important design factors, such as intuitive visualization and straightforward explanations, that are critical for creating efficient Human Computer Interaction (HCI) tools among older users. Furthermore, this study emphasizes the revolutionary potential of XAI in e-health interfaces for older users, emphasizing the importance of transparency and understandability in HCI-driven healthcare solutions. This study's findings have far-reaching implications for the design and development of user-centric e-health technologies, intending to increase the overall well-being of older adults.",Xueting Huang; Zhibo Zhang; Fusen Guo; Xianghao Wang; Kun Chi; Kexin Wu,2024,arXiv,,http://arxiv.org/abs/2402.07915v1,,2024-02-01T16:39:02Z,accepted,
arxiv,2312.11507,Explain To Decide: A Human-Centric Review on the Role of Explainable Artificial Intelligence in AI-assisted Decision Making,"The unprecedented performance of machine learning models in recent years, particularly Deep Learning and transformer models, has resulted in their application in various domains such as finance, healthcare, and education. However, the models are error-prone and cannot be used autonomously, especially in decision-making scenarios where, technically or ethically, the cost of error is high. Moreover, because of the black-box nature of these models, it is frequently difficult for the end user to comprehend the models' outcomes and underlying processes to trust and use the model outcome to make a decision. Explainable Artificial Intelligence (XAI) aids end-user understanding of the model by utilizing approaches, including visualization techniques, to explain and interpret the inner workings of the model and how it arrives at a result. Although numerous research studies have been conducted recently focusing on the performance of models and the XAI approaches, less work has been done on the impact of explanations on human-AI team performance. This paper surveyed the recent empirical studies on XAI's impact on human-AI decision-making, identified the challenges, and proposed future research directions.",Milad Rogha,2023,arXiv,,http://arxiv.org/abs/2312.11507v1,,2023-12-11T22:35:21Z,accepted,
arxiv,2111.00601,Explainable Artificial Intelligence for Smart City Application: A Secure and Trusted Platform,"Artificial Intelligence (AI) is one of the disruptive technologies that is shaping the future. It has growing applications for data-driven decisions in major smart city solutions, including transportation, education, healthcare, public governance, and power systems. At the same time, it is gaining popularity in protecting critical cyber infrastructure from cyber threats, attacks, damages, or unauthorized access. However, one of the significant issues of those traditional AI technologies (e.g., deep learning) is that the rapid progress in complexity and sophistication propelled and turned out to be uninterpretable black boxes. On many occasions, it is very challenging to understand the decision and bias to control and trust systems' unexpected or seemingly unpredictable outputs. It is acknowledged that the loss of control over interpretability of decision-making becomes a critical issue for many data-driven automated applications. But how may it affect the system's security and trustworthiness? This chapter conducts a comprehensive study of machine learning applications in cybersecurity to indicate the need for explainability to address this question. While doing that, this chapter first discusses the black-box problems of AI technologies for Cybersecurity applications in smart city-based solutions. Later, considering the new technological paradigm, Explainable Artificial Intelligence (XAI), this chapter discusses the transition from black-box to white-box. This chapter also discusses the transition requirements concerning the interpretability, transparency, understandability, and Explainability of AI-based technologies in applying different autonomous systems in smart cities. Finally, it has presented some commercial XAI platforms that offer explainability over traditional AI technologies before presenting future challenges and opportunities.",M. Humayn Kabir; Khondokar Fida Hasan; Mohammad Kamrul Hasan; Keyvan Ansari,2021,arXiv,,http://arxiv.org/abs/2111.00601v1,,2021-10-31T21:47:12Z,accepted,
arxiv,2208.14937,Explainable Artificial Intelligence Applications in Cyber Security: State-of-the-Art in Research,"This survey presents a comprehensive review of current literature on Explainable Artificial Intelligence (XAI) methods for cyber security applications. Due to the rapid development of Internet-connected systems and Artificial Intelligence in recent years, Artificial Intelligence including Machine Learning (ML) and Deep Learning (DL) has been widely utilized in the fields of cyber security including intrusion detection, malware detection, and spam filtering. However, although Artificial Intelligence-based approaches for the detection and defense of cyber attacks and threats are more advanced and efficient compared to the conventional signature-based and rule-based cyber security strategies, most ML-based techniques and DL-based techniques are deployed in the black-box manner, meaning that security experts and customers are unable to explain how such procedures reach particular conclusions. The deficiencies of transparency and interpretability of existing Artificial Intelligence techniques would decrease human users' confidence in the models utilized for the defense against cyber attacks, especially in current situations where cyber attacks become increasingly diverse and complicated. Therefore, it is essential to apply XAI in the establishment of cyber security models to create more explainable models while maintaining high accuracy and allowing human users to comprehend, trust, and manage the next generation of cyber defense mechanisms. Although there are papers reviewing Artificial Intelligence applications in cyber security areas and the vast literature on applying XAI in many fields including healthcare, financial services, and criminal justice, the surprising fact is that there are currently no survey research articles that concentrate on XAI applications in cyber security.",Zhibo Zhang; Hussam Al Hamadi; Ernesto Damiani; Chan Yeob Yeun; Fatma Taher,2022,arXiv,10.1109/ACCESS.2022.3204051,http://arxiv.org/abs/2208.14937v1,,2022-08-31T16:06:31Z,accepted,
arxiv,2407.17165,Explainable Artificial Intelligence Techniques for Irregular Temporal Classification of Multidrug Resistance Acquisition in Intensive Care Unit Patients,"Antimicrobial Resistance represents a significant challenge in the Intensive Care Unit (ICU), where patients are at heightened risk of Multidrug-Resistant (MDR) infections-pathogens resistant to multiple antimicrobial agents. This study introduces a novel methodology that integrates Gated Recurrent Units (GRUs) with advanced intrinsic and post-hoc interpretability techniques for detecting the onset of MDR in patients across time. Within interpretability methods, we propose Explainable Artificial Intelligence (XAI) approaches to handle irregular Multivariate Time Series (MTS), introducing Irregular Time Shapley Additive Explanations (IT-SHAP), a modification of Shapley Additive Explanations designed for irregular MTS with Recurrent Neural Networks focused on temporal outputs. Our methodology aims to identify specific risk factors associated with MDR in ICU patients. GRU with Hadamard's attention demonstrated high initial specificity and increasing sensitivity over time, correlating with increased nosocomial infection risks during prolonged ICU stays. XAI analysis, enhanced by Hadamard attention and IT-SHAP, identified critical factors such as previous non-resistant cultures, specific antibiotic usage patterns, and hospital environment dynamics. These insights suggest that early detection of at-risk patients can inform interventions such as preventive isolation and customized treatments, significantly improving clinical outcomes. The proposed GRU model for temporal classification achieved an average Receiver Operating Characteristic Area Under the Curve of 78.27 +- 1.26 over time, indicating strong predictive performance. In summary, this study highlights the clinical utility of our methodology, which combines predictive accuracy with interpretability, thereby facilitating more effective healthcare interventions by professionals.",Óscar Escudero-Arnanz; Cristina Soguero-Ruiz; Joaquín Álvarez-Rodríguez; Antonio G. Marques,2024,arXiv,,http://arxiv.org/abs/2407.17165v1,,2024-07-24T11:12:01Z,accepted,
arxiv,2410.00366,Easydiagnos: a framework for accurate feature selection for automatic diagnosis in smart healthcare,"The rapid advancements in artificial intelligence (AI) have revolutionized smart healthcare, driving innovations in wearable technologies, continuous monitoring devices, and intelligent diagnostic systems. However, security, explainability, robustness, and performance optimization challenges remain critical barriers to widespread adoption in clinical environments. This research presents an innovative algorithmic method using the Adaptive Feature Evaluator (AFE) algorithm to improve feature selection in healthcare datasets and overcome problems. AFE integrating Genetic Algorithms (GA), Explainable Artificial Intelligence (XAI), and Permutation Combination Techniques (PCT), the algorithm optimizes Clinical Decision Support Systems (CDSS), thereby enhancing predictive accuracy and interpretability. The proposed method is validated across three diverse healthcare datasets using six distinct machine learning algorithms, demonstrating its robustness and superiority over conventional feature selection techniques. The results underscore the transformative potential of AFE in smart healthcare, enabling personalized and transparent patient care. Notably, the AFE algorithm, when combined with a Multi-layer Perceptron (MLP), achieved an accuracy of up to 98.5%, highlighting its capability to improve clinical decision-making processes in real-world healthcare applications.",Prasenjit Maji; Amit Kumar Mondal; Hemanta Kumar Mondal; Saraju P. Mohanty,2024,arXiv,,http://arxiv.org/abs/2410.00366v1,,2024-10-01T03:28:56Z,accepted,
arxiv,2011.03195,Explainable AI meets Healthcare: A Study on Heart Disease Dataset,"With the increasing availability of structured and unstructured data and the swift progress of analytical techniques, Artificial Intelligence (AI) is bringing a revolution to the healthcare industry. With the increasingly indispensable role of AI in healthcare, there are growing concerns over the lack of transparency and explainability in addition to potential bias encountered by predictions of the model. This is where Explainable Artificial Intelligence (XAI) comes into the picture. XAI increases the trust placed in an AI system by medical practitioners as well as AI researchers, and thus, eventually, leads to an increasingly widespread deployment of AI in healthcare. In this paper, we present different interpretability techniques. The aim is to enlighten practitioners on the understandability and interpretability of explainable AI systems using a variety of techniques available which can be very advantageous in the health-care domain. Medical diagnosis model is responsible for human life and we need to be confident enough to treat a patient as instructed by a black-box model. Our paper contains examples based on the heart disease dataset and elucidates on how the explainability techniques should be preferred to create trustworthiness while using AI systems in healthcare.",Devam Dave; Het Naik; Smiti Singhal; Pankesh Patel,2020,arXiv,,http://arxiv.org/abs/2011.03195v1,,2020-11-06T05:18:43Z,accepted,
arxiv,2506.13904,A Systematic Review of User-Centred Evaluation of Explainable AI in Healthcare,"Despite promising developments in Explainable Artificial Intelligence, the practical value of XAI methods remains under-explored and insufficiently validated in real-world settings. Robust and context-aware evaluation is essential, not only to produce understandable explanations but also to ensure their trustworthiness and usability for intended users, but tends to be overlooked because of no clear guidelines on how to design an evaluation with users. This study addresses this gap with two main goals: (1) to develop a framework of well-defined, atomic properties that characterise the user experience of XAI in healthcare; and (2) to provide clear, context-sensitive guidelines for defining evaluation strategies based on system characteristics. We conducted a systematic review of 82 user studies, sourced from five databases, all situated within healthcare settings and focused on evaluating AI-generated explanations. The analysis was guided by a predefined coding scheme informed by an existing evaluation framework, complemented by inductive codes developed iteratively. The review yields three key contributions: (1) a synthesis of current evaluation practices, highlighting a growing focus on human-centred approaches in healthcare XAI; (2) insights into the interrelations among explanation properties; and (3) an updated framework and a set of actionable guidelines to support interdisciplinary teams in designing and implementing effective evaluation strategies for XAI systems tailored to specific application contexts.",Ivania Donoso-Guzmán; Kristýna Sirka Kacafírková; Maxwell Szymanski; An Jacobs; Denis Parra; Katrien Verbert,2025,arXiv,,http://arxiv.org/abs/2506.13904v1,,2025-06-16T18:30:00Z,accepted,
arxiv,2105.12497,Designing ECG Monitoring Healthcare System with Federated Transfer Learning and Explainable AI,"Deep learning play a vital role in classifying different arrhythmias using the electrocardiography (ECG) data. Nevertheless, training deep learning models normally requires a large amount of data and it can lead to privacy concerns. Unfortunately, a large amount of healthcare data cannot be easily collected from a single silo. Additionally, deep learning models are like black-box, with no explainability of the predicted results, which is often required in clinical healthcare. This limits the application of deep learning in real-world health systems. In this paper, we design a new explainable artificial intelligence (XAI) based deep learning framework in a federated setting for ECG-based healthcare applications. The federated setting is used to solve issues such as data availability and privacy concerns. Furthermore, the proposed framework setting effectively classifies arrhythmia's using an autoencoder and a classifier, both based on a convolutional neural network (CNN). Additionally, we propose an XAI-based module on top of the proposed classifier to explain the classification results, which help clinical practitioners make quick and reliable decisions. The proposed framework was trained and tested using the MIT-BIH Arrhythmia database. The classifier achieved accuracy up to 94% and 98% for arrhythmia detection using noisy and clean data, respectively, with five-fold cross-validation.",Ali Raza; Kim Phuc Tran; Ludovic Koehl; Shujun Li,2021,arXiv,10.1016/j.knosys.2021.107763,http://arxiv.org/abs/2105.12497v2,,2021-05-26T11:59:44Z,accepted,
arxiv,2508.05753,"Explainable AI in Healthcare: to Explain, to Predict, or to Describe?","Explainable Artificial Intelligence (AI) methods are designed to provide information about how AI-based models make predictions. In healthcare, there is a widespread expectation that these methods will provide relevant and accurate information about a model's inner-workings to different stakeholders (ranging from patients and healthcare providers to AI and medical guideline developers). This is a challenging endeavour since what qualifies as relevant information may differ greatly depending on the stakeholder. For many stakeholders, relevant explanations are causal in nature, yet, explainable AI methods are often not able to deliver this information. Using the Describe-Predict-Explain framework, we argue that Explainable AI methods are good descriptive tools, as they may help to describe how a model works but are limited in their ability to explain why a model works in terms of true underlying biological mechanisms and cause-and-effect relations. This limits the suitability of explainable AI methods to provide actionable advice to patients or to judge the face validity of AI-based models.",Alex Carriero; Anne de Hond; Bram Cappers; Fernando Paulovich; Sanne Abeln; Karel GM Moons; Maarten van Smeden,2025,arXiv,,http://arxiv.org/abs/2508.05753v1,,2025-08-07T18:10:41Z,accepted,
arxiv,2404.12832,COIN: Counterfactual inpainting for weakly supervised semantic segmentation for medical images,"Deep learning is dramatically transforming the field of medical imaging and radiology, enabling the identification of pathologies in medical images, including computed tomography (CT) and X-ray scans. However, the performance of deep learning models, particularly in segmentation tasks, is often limited by the need for extensive annotated datasets. To address this challenge, the capabilities of weakly supervised semantic segmentation are explored through the lens of Explainable AI and the generation of counterfactual explanations. The scope of this research is development of a novel counterfactual inpainting approach (COIN) that flips the predicted classification label from abnormal to normal by using a generative model. For instance, if the classifier deems an input medical image X as abnormal, indicating the presence of a pathology, the generative model aims to inpaint the abnormal region, thus reversing the classifier's original prediction label. The approach enables us to produce precise segmentations for pathologies without depending on pre-existing segmentation masks. Crucially, image-level labels are utilized, which are substantially easier to acquire than creating detailed segmentation masks. The effectiveness of the method is demonstrated by segmenting synthetic targets and actual kidney tumors from CT images acquired from Tartu University Hospital in Estonia. The findings indicate that COIN greatly surpasses established attribution methods, such as RISE, ScoreCAM, and LayerCAM, as well as an alternative counterfactual explanation method introduced by Singla et al. This evidence suggests that COIN is a promising approach for semantic segmentation of tumors in CT images, and presents a step forward in making deep learning applications more accessible and effective in healthcare, where annotated data is scarce.",Dmytro Shvetsov; Joonas Ariva; Marharyta Domnich; Raul Vicente; Dmytro Fishman,2024,arXiv,10.1007/978-3-031-63800-8_3,http://arxiv.org/abs/2404.12832v2,,2024-04-19T12:09:49Z,accepted,
arxiv,2306.02312,(Un)reasonable Allure of Ante-hoc Interpretability for High-stakes Domains: Transparency Is Necessary but Insufficient for Comprehensibility,"Ante-hoc interpretability has become the holy grail of explainable artificial intelligence for high-stakes domains such as healthcare; however, this notion is elusive, lacks a widely-accepted definition and depends on the operational context. It can refer to predictive models whose structure adheres to domain-specific constraints, or ones that are inherently transparent. The latter conceptualisation assumes observers who judge this quality, whereas the former presupposes them to have technical and domain expertise (thus alienating other groups of explainees). Additionally, the distinction between ante-hoc interpretability and the less desirable post-hoc explainability, which refers to methods that construct a separate explanatory model, is vague given that transparent predictive models may still require (post-)processing to yield suitable explanatory insights. Ante-hoc interpretability is thus an overloaded concept that comprises a range of implicit properties, which we unpack in this paper to better understand what is needed for its safe adoption across high-stakes domains. To this end, we outline modelling and explaining desiderata that allow us to navigate its distinct realisations in view of the envisaged application and audience.",Kacper Sokol; Julia E. Vogt,2023,arXiv,,http://arxiv.org/abs/2306.02312v2,,2023-06-04T09:34:41Z,accepted,
arxiv,2606.26202,Crime reduction through public healthcare: Interpretable machine learning for mental health service impacts in Greater London,"The relationship between crime, mental health service access, and socioeconomic deprivation in publicly-funded healthcare systems allowing impactful policy interventions offers an alternative lens to crime prevention that remains underexplored. We address this critical gap through an analysis of street-level crime data, mental health referral information, and socioeconomic metrics across Greater London, using both traditional statistical methods and machine learning techniques to identify relevant relationships and spatial patterns to reveal a persistent positive association between crime rates and mental health referrals as a proxy for service access. The prevailing prevention hypothesis is contrasted with a nuanced U-shaped relationship suggesting a contrast between preventive effects at lower service levels and demand-driven responses to crime exposure for higher referral rates. Subsequent analyses, focussing on explainable artificial intelligence, show distinct crime category patterns, with a cluster analysis identifying four borough typologies with distinct combinations of crime rates, mental health service access, and deprivation levels, requiring multifaceted approaches rather than universal solutions. This research provides one of the first comprehensive studies on this topic for the UK's publicly-funded healthcare system and introduces interpretation-oriented approaches to uncover the patterns essential to evidence-based policies.",Nadine Fässler; Ben Moews,2026,arXiv,,http://arxiv.org/abs/2606.26202v1,,2026-06-24T16:31:41Z,accepted,
arxiv,1911.10104,Towards Quantification of Explainability in Explainable Artificial Intelligence Methods,"Artificial Intelligence (AI) has become an integral part of domains such as security, finance, healthcare, medicine, and criminal justice. Explaining the decisions of AI systems in human terms is a key challenge--due to the high complexity of the model, as well as the potential implications on human interests, rights, and lives . While Explainable AI is an emerging field of research, there is no consensus on the definition, quantification, and formalization of explainability. In fact, the quantification of explainability is an open challenge. In our previous work, we incorporated domain knowledge for better explainability, however, we were unable to quantify the extent of explainability. In this work, we (1) briefly analyze the definitions of explainability from the perspective of different disciplines (e.g., psychology, social science), properties of explanation, explanation methods, and human-friendly explanations; and (2) propose and formulate an approach to quantify the extent of explainability. Our experimental result suggests a reasonable and model-agnostic way to quantify explainability",Sheikh Rabiul Islam; William Eberle; Sheikh K. Ghafoor,2019,arXiv,,http://arxiv.org/abs/1911.10104v1,,2019-11-22T16:03:52Z,accepted,
arxiv,2504.08552,Towards an Evaluation Framework for Explainable Artificial Intelligence Systems for Health and Well-being,"The integration of Artificial Intelligence in the development of computer systems presents a new challenge: make intelligent systems explainable to humans. This is especially vital in the field of health and well-being, where transparency in decision support systems enables healthcare professionals to understand and trust automated decisions and predictions. To address this need, tools are required to guide the development of explainable AI systems. In this paper, we introduce an evaluation framework designed to support the development of explainable AI systems for health and well-being. Additionally, we present a case study that illustrates the application of the framework in practice. We believe that our framework can serve as a valuable tool not only for developing explainable AI systems in healthcare but also for any AI system that has a significant impact on individuals.",Esperança Amengual-Alcover; Antoni Jaume-i-Capó; Miquel Miró-Nicolau; Gabriel Moyà-Alcover; Antonia Paniza-Fullana,2025,arXiv,,http://arxiv.org/abs/2504.08552v1,,2025-04-11T14:02:54Z,accepted,
arxiv,2401.17511,Linguistically Communicating Uncertainty in Patient-Facing Risk Prediction Models,"This paper addresses the unique challenges associated with uncertainty quantification in AI models when applied to patient-facing contexts within healthcare. Unlike traditional eXplainable Artificial Intelligence (XAI) methods tailored for model developers or domain experts, additional considerations of communicating in natural language, its presentation and evaluating understandability are necessary. We identify the challenges in communication model performance, confidence, reasoning and unknown knowns using natural language in the context of risk prediction. We propose a design aimed at addressing these challenges, focusing on the specific application of in-vitro fertilisation outcome prediction.",Adarsa Sivaprasad; Ehud Reiter,2024,arXiv,,http://arxiv.org/abs/2401.17511v1,,2024-01-31T00:08:44Z,accepted,
arxiv,2306.01750,A Survey of Explainable AI and Proposal for a Discipline of Explanation Engineering,"In this survey paper, we deep dive into the field of Explainable Artificial Intelligence (XAI). After introducing the scope of this paper, we start by discussing what an ""explanation"" really is. We then move on to discuss some of the existing approaches to XAI and build a taxonomy of the most popular methods. Next, we also look at a few applications of these and other XAI techniques in four primary domains: finance, autonomous driving, healthcare and manufacturing. We end by introducing a promising discipline, ""Explanation Engineering,"" which includes a systematic approach for designing explainability into AI systems.",Clive Gomes; Lalitha Natraj; Shijun Liu; Anushka Datta,2023,arXiv,,http://arxiv.org/abs/2306.01750v1,,2023-05-20T11:55:27Z,accepted,
arxiv,2502.07347,Quantifying Information Loss under Coarse-Grained Partitions: A Discrete Framework for Explainable Artificial Intelligence,"As artificial intelligence (AI) systems are increasingly used in ethically sensitive domains such as education, healthcare, and transportation, balancing accuracy and interpretability has become a central concern. Coarse ethics (CE) motivates coarse-grained evaluations under cognitive, institutional, and contextual constraints, but it still lacks a simple mathematical formalization of admissible coarse-graining and its informational consequences. This paper introduces coarse-grained partitions (CGPs) as a discrete framework for modeling coarse evaluation on a finite totally ordered score scale. A CGP represents coarse evaluation as a partition into grains with an index assignment, and induces a coarse-grained distribution by pushforward. To compare admissible coarse-grainings, we introduce categorical unification (CU), which constructs a canonical fine-scale reconstruction from the coarse representation under minimal assumptions. On this basis, we define a KL-based measure of information loss, $D_{\mathrm{KL\text{-}CU}}$, as the divergence between the original fine-grained distribution and its CU-based reconstruction. We prove that $D_{\mathrm{KL\text{-}CU}}=0$ if and only if the original distribution is already uniform within each grain. This shows that zero loss, in the sense of the proposed measure, is a highly exceptional limiting case rather than a realistic benchmark for ordinary evaluative practice. We also show that the framework leads naturally to an optimization problem for comparing alternative admissible CGPs. Applications to educational grading and explainable AI (XAI) illustrate how the framework clarifies trade-offs among informational fidelity, interpretability, and coarsening cost.",Takashi Izumo,2025,arXiv,,http://arxiv.org/abs/2502.07347v7,,2025-02-11T08:18:37Z,accepted,
arxiv,2604.09578,Explainable Planning for Hybrid Systems,"The recent advancement in artificial intelligence (AI) technologies facilitates a paradigm shift toward automation. Autonomous systems are fully or partially replacing manually crafted ones. At the core of these systems is automated planning. With the advent of powerful planners, automated planning is now applied to many complex and safety-critical domains, including smart energy grids, self-driving cars, warehouse automation, urban and air traffic control, search and rescue operations, surveillance, robotics, and healthcare. There is a growing need to generate explanations of AI-based systems, which is one of the major challenges the planning community faces today. The thesis presents a comprehensive study on explainable artificial intelligence planning (XAIP) for hybrid systems that capture a representation of real-world problems closely.",Mir Md Sajid Sarwar,2026,arXiv,,http://arxiv.org/abs/2604.09578v1,,2026-02-24T21:24:29Z,accepted,
arxiv,2502.17999,GNN-XAR: A Graph Neural Network for Explainable Activity Recognition in Smart Homes,"Sensor-based Human Activity Recognition (HAR) in smart home environments is crucial for several applications, especially in the healthcare domain. The majority of the existing approaches leverage deep learning models. While these approaches are effective, the rationale behind their outputs is opaque. Recently, eXplainable Artificial Intelligence (XAI) approaches emerged to provide intuitive explanations to the output of HAR models. To the best of our knowledge, these approaches leverage classic deep models like CNNs or RNNs. Recently, Graph Neural Networks (GNNs) proved to be effective for sensor-based HAR. However, existing approaches are not designed with explainability in mind. In this work, we propose the first explainable Graph Neural Network explicitly designed for smart home HAR. Our results on two public datasets show that this approach provides better explanations than state-of-the-art methods while also slightly improving the recognition rate.",Michele Fiori; Davide Mor; Gabriele Civitarese; Claudio Bettini,2025,arXiv,10.1007/978-3-032-10554-7,http://arxiv.org/abs/2502.17999v2,,2025-02-25T09:05:13Z,accepted,
arxiv,2302.10671,Directive Explanations for Monitoring the Risk of Diabetes Onset: Introducing Directive Data-Centric Explanations and Combinations to Support What-If Explorations,"Explainable artificial intelligence is increasingly used in machine learning (ML) based decision-making systems in healthcare. However, little research has compared the utility of different explanation methods in guiding healthcare experts for patient care. Moreover, it is unclear how useful, understandable, actionable and trustworthy these methods are for healthcare experts, as they often require technical ML knowledge. This paper presents an explanation dashboard that predicts the risk of diabetes onset and explains those predictions with data-centric, feature-importance, and example-based explanations. We designed an interactive dashboard to assist healthcare experts, such as nurses and physicians, in monitoring the risk of diabetes onset and recommending measures to minimize risk. We conducted a qualitative study with 11 healthcare experts and a mixed-methods study with 45 healthcare experts and 51 diabetic patients to compare the different explanation methods in our dashboard in terms of understandability, usefulness, actionability, and trust. Results indicate that our participants preferred our representation of data-centric explanations that provide local explanations with a global overview over other methods. Therefore, this paper highlights the importance of visually directive data-centric explanation method for assisting healthcare experts to gain actionable insights from patient health records. Furthermore, we share our design implications for tailoring the visual representation of different explanation methods for healthcare experts.",Aditya Bhattacharya; Jeroen Ooge; Gregor Stiglic; Katrien Verbert,2023,arXiv,10.1145/3581641.3584075,http://arxiv.org/abs/2302.10671v1,,2023-02-21T13:40:16Z,accepted,
arxiv,2412.17527,Enhancing Cancer Diagnosis with Explainable & Trustworthy Deep Learning Models,"This research presents an innovative approach to cancer diagnosis and prediction using explainable Artificial Intelligence (XAI) and deep learning techniques. With cancer causing nearly 10 million deaths globally in 2020, early and accurate diagnosis is crucial. Traditional methods often face challenges in cost, accuracy, and efficiency. Our study develops an AI model that provides precise outcomes and clear insights into its decision-making process, addressing the ""black box"" problem of deep learning models. By employing XAI techniques, we enhance interpretability and transparency, building trust among healthcare professionals and patients. Our approach leverages neural networks to analyse extensive datasets, identifying patterns for cancer detection. This model has the potential to revolutionise diagnosis by improving accuracy, accessibility, and clarity in medical decision-making, possibly leading to earlier detection and more personalised treatment strategies. Furthermore, it could democratise access to high-quality diagnostics, particularly in resource-limited settings, contributing to global health equity. The model's applications extend beyond cancer diagnosis, potentially transforming various aspects of medical decision-making and saving millions of lives worldwide.",Badaru I. Olumuyiwa; The Anh Han; Zia U. Shamszaman,2024,arXiv,,http://arxiv.org/abs/2412.17527v1,,2024-12-23T12:50:47Z,accepted,
arxiv,2309.09917,Evaluation of Human-Understandability of Global Model Explanations using Decision Tree,"In explainable artificial intelligence (XAI) research, the predominant focus has been on interpreting models for experts and practitioners. Model agnostic and local explanation approaches are deemed interpretable and sufficient in many applications. However, in domains like healthcare, where end users are patients without AI or domain expertise, there is an urgent need for model explanations that are more comprehensible and instil trust in the model's operations. We hypothesise that generating model explanations that are narrative, patient-specific and global(holistic of the model) would enable better understandability and enable decision-making. We test this using a decision tree model to generate both local and global explanations for patients identified as having a high risk of coronary heart disease. These explanations are presented to non-expert users. We find a strong individual preference for a specific type of explanation. The majority of participants prefer global explanations, while a smaller group prefers local explanations. A task based evaluation of mental models of these participants provide valuable feedback to enhance narrative global explanations. This, in turn, guides the design of health informatics systems that are both trustworthy and actionable.",Adarsa Sivaprasad; Ehud Reiter; Nava Tintarev; Nir Oren,2023,arXiv,10.1007/978-3-031-50396-2_3,http://arxiv.org/abs/2309.09917v1,,2023-09-18T16:30:14Z,accepted,
arxiv,2312.10696,An Interpretable Deep Learning Approach for Skin Cancer Categorization,"Skin cancer is a serious worldwide health issue, precise and early detection is essential for better patient outcomes and effective treatment. In this research, we use modern deep learning methods and explainable artificial intelligence (XAI) approaches to address the problem of skin cancer detection. To categorize skin lesions, we employ four cutting-edge pre-trained models: XceptionNet, EfficientNetV2S, InceptionResNetV2, and EfficientNetV2M. Image augmentation approaches are used to reduce class imbalance and improve the generalization capabilities of our models. Our models decision-making process can be clarified because of the implementation of explainable artificial intelligence (XAI). In the medical field, interpretability is essential to establish credibility and make it easier to implement AI driven diagnostic technologies into clinical workflows. We determined the XceptionNet architecture to be the best performing model, achieving an accuracy of 88.72%. Our study shows how deep learning and explainable artificial intelligence (XAI) can improve skin cancer diagnosis, laying the groundwork for future developments in medical image analysis. These technologies ability to allow for early and accurate detection could enhance patient care, lower healthcare costs, and raise the survival rates for those with skin cancer. Source Code: https://github.com/Faysal-MD/An-Interpretable-Deep-Learning?Approach-for-Skin-Cancer-Categorization-IEEE2023",Faysal Mahmud; Md. Mahin Mahfiz; Md. Zobayer Ibna Kabir; Yusha Abdullah,2023,arXiv,,http://arxiv.org/abs/2312.10696v1,,2023-12-17T12:11:38Z,accepted,
arxiv,2102.01998,"Unbox the Black-box for the Medical Explainable AI via Multi-modal and Multi-centre Data Fusion: A Mini-Review, Two Showcases and Beyond","Explainable Artificial Intelligence (XAI) is an emerging research topic of machine learning aimed at unboxing how AI systems' black-box choices are made. This research field inspects the measures and models involved in decision-making and seeks solutions to explain them explicitly. Many of the machine learning algorithms can not manifest how and why a decision has been cast. This is particularly true of the most popular deep neural network approaches currently in use. Consequently, our confidence in AI systems can be hindered by the lack of explainability in these black-box models. The XAI becomes more and more crucial for deep learning powered applications, especially for medical and healthcare studies, although in general these deep neural networks can return an arresting dividend in performance. The insufficient explainability and transparency in most existing AI systems can be one of the major reasons that successful implementation and integration of AI tools into routine clinical practice are uncommon. In this study, we first surveyed the current progress of XAI and in particular its advances in healthcare applications. We then introduced our solutions for XAI leveraging multi-modal and multi-centre data fusion, and subsequently validated in two showcases following real clinical scenarios. Comprehensive quantitative and qualitative analyses can prove the efficacy of our proposed XAI solutions, from which we can envisage successful applications in a broader range of clinical questions.",Guang Yang; Qinghao Ye; Jun Xia,2021,arXiv,,http://arxiv.org/abs/2102.01998v1,,2021-02-03T10:56:58Z,accepted,
arxiv,2308.16113,survex: an R package for explaining machine learning survival models,"Due to their flexibility and superior performance, machine learning models frequently complement and outperform traditional statistical survival models. However, their widespread adoption is hindered by a lack of user-friendly tools to explain their internal operations and prediction rationales. To tackle this issue, we introduce the survex R package, which provides a cohesive framework for explaining any survival model by applying explainable artificial intelligence techniques. The capabilities of the proposed software encompass understanding and diagnosing survival models, which can lead to their improvement. By revealing insights into the decision-making process, such as variable effects and importances, survex enables the assessment of model reliability and the detection of biases. Thus, transparency and responsibility may be promoted in sensitive areas, such as biomedical research and healthcare applications.",Mikołaj Spytek; Mateusz Krzyziński; Sophie Hanna Langbein; Hubert Baniecki; Marvin N. Wright; Przemysław Biecek,2023,arXiv,10.1093/bioinformatics/btad723,http://arxiv.org/abs/2308.16113v2,,2023-08-30T16:14:20Z,accepted,
arxiv,2208.08739,Transcending XAI Algorithm Boundaries through End-User-Inspired Design,"The boundaries of existing explainable artificial intelligence (XAI) algorithms are confined to problems grounded in technical users' demand for explainability. This research paradigm disproportionately ignores the larger group of non-technical end users, who have a much higher demand for AI explanations in diverse explanation goals, such as making safer and better decisions and improving users' predicted outcomes. Lacking explainability-focused functional support for end users may hinder the safe and accountable use of AI in high-stakes domains, such as healthcare, criminal justice, finance, and autonomous driving systems. Built upon prior human factor analysis on end users' requirements for XAI, we identify and model four novel XAI technical problems covering the full spectrum from design to the evaluation of XAI algorithms, including edge-case-based reasoning, customizable counterfactual explanation, collapsible decision tree, and the verifiability metric to evaluate XAI utility. Based on these newly-identified research problems, we also discuss open problems in the technical development of user-centered XAI to inspire future research. Our work bridges human-centered XAI with the technical XAI community, and calls for a new research paradigm on the technical development of user-centered XAI for the responsible use of AI in critical tasks.",Weina Jin; Jianyu Fan; Diane Gromala; Philippe Pasquier; Xiaoxiao Li; Ghassan Hamarneh,2022,arXiv,,http://arxiv.org/abs/2208.08739v2,,2022-08-18T09:44:51Z,accepted,
arxiv,2401.17477,Detecting mental disorder on social media: a ChatGPT-augmented explainable approach,"In the digital era, the prevalence of depressive symptoms expressed on social media has raised serious concerns, necessitating advanced methodologies for timely detection. This paper addresses the challenge of interpretable depression detection by proposing a novel methodology that effectively combines Large Language Models (LLMs) with eXplainable Artificial Intelligence (XAI) and conversational agents like ChatGPT. In our methodology, explanations are achieved by integrating BERTweet, a Twitter-specific variant of BERT, into a novel self-explanatory model, namely BERT-XDD, capable of providing both classification and explanations via masked attention. The interpretability is further enhanced using ChatGPT to transform technical explanations into human-readable commentaries. By introducing an effective and modular approach for interpretable depression detection, our methodology can contribute to the development of socially responsible digital platforms, fostering early intervention and support for mental health challenges under the guidance of qualified healthcare professionals.",Loris Belcastro; Riccardo Cantini; Fabrizio Marozzo; Domenico Talia; Paolo Trunfio,2024,arXiv,10.1016/j.osnem.2025.100321,http://arxiv.org/abs/2401.17477v2,,2024-01-30T22:22:55Z,accepted,
arxiv,2106.10191,Rational Shapley Values,"Explaining the predictions of opaque machine learning algorithms is an important and challenging task, especially as complex models are increasingly used to assist in high-stakes decisions such as those arising in healthcare and finance. Most popular tools for post-hoc explainable artificial intelligence (XAI) are either insensitive to context (e.g., feature attributions) or difficult to summarize (e.g., counterfactuals). In this paper, I introduce $\textit{rational Shapley values}$, a novel XAI method that synthesizes and extends these seemingly incompatible approaches in a rigorous, flexible manner. I leverage tools from decision theory and causal modeling to formalize and implement a pragmatic approach that resolves a number of known challenges in XAI. By pairing the distribution of random variables with the appropriate reference class for a given explanation task, I illustrate through theory and experiments how user goals and knowledge can inform and constrain the solution set in an iterative fashion. The method compares favorably to state of the art XAI tools in a range of quantitative and qualitative comparisons.",David S. Watson,2021,arXiv,10.1145/3531146.3533170,http://arxiv.org/abs/2106.10191v2,,2021-06-18T15:45:21Z,accepted,
arxiv,2307.05104,A Deep Dive into Perturbations as Evaluation Technique for Time Series XAI,"Explainable Artificial Intelligence (XAI) has gained significant attention recently as the demand for transparency and interpretability of machine learning models has increased. In particular, XAI for time series data has become increasingly important in finance, healthcare, and climate science. However, evaluating the quality of explanations, such as attributions provided by XAI techniques, remains challenging. This paper provides an in-depth analysis of using perturbations to evaluate attributions extracted from time series models. A perturbation analysis involves systematically modifying the input data and evaluating the impact on the attributions generated by the XAI method. We apply this approach to several state-of-the-art XAI techniques and evaluate their performance on three time series classification datasets. Our results demonstrate that the perturbation analysis approach can effectively evaluate the quality of attributions and provide insights into the strengths and limitations of XAI techniques. Such an approach can guide the selection of XAI methods for time series data, e.g., focusing on return time rather than precision, and facilitate the development of more reliable and interpretable machine learning models for time series analysis.",Udo Schlegel; Daniel A. Keim,2023,arXiv,,http://arxiv.org/abs/2307.05104v1,,2023-07-11T08:26:08Z,accepted,
arxiv,2309.00252,Interpretable Medical Imagery Diagnosis with Self-Attentive Transformers: A Review of Explainable AI for Health Care,"Recent advancements in artificial intelligence (AI) have facilitated its widespread adoption in primary medical services, addressing the demand-supply imbalance in healthcare. Vision Transformers (ViT) have emerged as state-of-the-art computer vision models, benefiting from self-attention modules. However, compared to traditional machine-learning approaches, deep-learning models are complex and are often treated as a ""black box"" that can cause uncertainty regarding how they operate. Explainable Artificial Intelligence (XAI) refers to methods that explain and interpret machine learning models' inner workings and how they come to decisions, which is especially important in the medical domain to guide the healthcare decision-making process. This review summarises recent ViT advancements and interpretative approaches to understanding the decision-making process of ViT, enabling transparency in medical diagnosis applications.",Tin Lai,2023,arXiv,,http://arxiv.org/abs/2309.00252v1,,2023-09-01T05:01:52Z,accepted,
arxiv,2509.16685,Towards a Transparent and Interpretable AI Model for Medical Image Classifications,"The integration of artificial intelligence (AI) into medicine is remarkable, offering advanced diagnostic and therapeutic possibilities. However, the inherent opacity of complex AI models presents significant challenges to their clinical practicality. This paper focuses primarily on investigating the application of explainable artificial intelligence (XAI) methods, with the aim of making AI decisions transparent and interpretable. Our research focuses on implementing simulations using various medical datasets to elucidate the internal workings of the XAI model. These dataset-driven simulations demonstrate how XAI effectively interprets AI predictions, thus improving the decision-making process for healthcare professionals. In addition to a survey of the main XAI methods and simulations, ongoing challenges in the XAI field are discussed. The study highlights the need for the continuous development and exploration of XAI, particularly from the perspective of diverse medical datasets, to promote its adoption and effectiveness in the healthcare domain.",Binbin Wen; Yihang Wu; Tareef Daqqaq; Ahmad Chaddad,2025,arXiv,10.1007/s11571-025-10343-w,http://arxiv.org/abs/2509.16685v1,,2025-09-20T13:26:31Z,accepted,
arxiv,2408.05239,"The Literature Review Network: An Explainable Artificial Intelligence for Systematic Literature Reviews, Meta-analyses, and Method Development","Systematic literature reviews are the highest quality of evidence in research. However, the review process is hindered by significant resource and data constraints. The Literature Review Network (LRN) is the first of its kind explainable AI platform adhering to PRISMA 2020 standards, designed to automate the entire literature review process. LRN was evaluated in the domain of surgical glove practices using 3 search strings developed by experts to query PubMed. A non-expert trained all LRN models. Performance was benchmarked against an expert manual review. Explainability and performance metrics assessed LRN's ability to replicate the experts' review. Concordance was measured with the Jaccard index and confusion matrices. Researchers were blinded to the other's results until study completion. Overlapping studies were integrated into an LRN-generated systematic review. LRN models demonstrated superior classification accuracy without expert training, achieving 84.78% and 85.71% accuracy. The highest performance model achieved high interrater reliability (k = 0.4953) and explainability metrics, linking 'reduce', 'accident', and 'sharp' with 'double-gloving'. Another LRN model covered 91.51% of the relevant literature despite diverging from the non-expert's judgments (k = 0.2174), with the terms 'latex', 'double' (gloves), and 'indication'. LRN outperformed the manual review (19,920 minutes over 11 months), reducing the entire process to 288.6 minutes over 5 days. This study demonstrates that explainable AI does not require expert training to successfully conduct PRISMA-compliant systematic literature reviews like an expert. LRN summarized the results of surgical glove studies and identified themes that were nearly identical to the clinical researchers' findings. Explainable AI can accurately expedite our understanding of clinical practices, potentially revolutionizing healthcare research.",Joshua Morriss; Tod Brindle; Jessica Bah Rösman; Daniel Reibsamen; Andreas Enz,2024,arXiv,,http://arxiv.org/abs/2408.05239v1,,2024-08-05T17:25:16Z,accepted,
arxiv,2603.15373,GradCFA: A Hybrid Gradient-Based Counterfactual and Feature Attribution Explanation Algorithm for Local Interpretation of Neural Networks,"Explainable Artificial Intelligence (XAI) is increasingly essential as AI systems are deployed in critical fields such as healthcare and finance, offering transparency into AI-driven decisions. Two major XAI paradigms, counterfactual explanations (CFX) and feature attribution (FA), serve distinct roles in model interpretability. This study introduces GradCFA, a hybrid framework combining CFX and FA to improve interpretability by explicitly optimizing feasibility, plausibility, and diversity - key qualities often unbalanced in existing methods. Unlike most CFX research focused on binary classification, GradCFA extends to multi-class scenarios, supporting a wider range of applications. We evaluate GradCFA's validity, proximity, sparsity, plausibility, and diversity against state-of-the-art methods, including Wachter, DiCE, CARE for CFX, and SHAP for FA. Results show GradCFA effectively generates feasible, plausible, and diverse counterfactuals while offering valuable FA insights. By identifying influential features and validating their impact, GradCFA advances AI interpretability. The code for implementation of this work can be found at: https://github.com/jacob-ws/GradCFs .",Jacob Sanderson; Hua Mao; Wai Lok Woo,2026,arXiv,10.1109/TAI.2025.3552057,http://arxiv.org/abs/2603.15373v1,,2026-03-16T14:49:48Z,accepted,
arxiv,2508.09639,UbiQTree: Uncertainty Quantification in XAI with Tree Ensembles,"Explainable Artificial Intelligence (XAI) techniques, such as SHapley Additive exPlanations (SHAP), have become essential tools for interpreting complex ensemble tree-based models, especially in high-stakes domains such as healthcare analytics. However, SHAP values are usually treated as point estimates, which disregards the inherent and ubiquitous uncertainty in predictive models and data. This uncertainty has two primary sources: aleatoric and epistemic. The aleatoric uncertainty, which reflects the irreducible noise in the data. The epistemic uncertainty, which arises from a lack of data. In this work, we propose an approach for decomposing uncertainty in SHAP values into aleatoric, epistemic, and entanglement components. This approach integrates Dempster-Shafer evidence theory and hypothesis sampling via Dirichlet processes over tree ensembles. We validate the method across three real-world use cases with descriptive statistical analyses that provide insight into the nature of epistemic uncertainty embedded in SHAP explanations. The experimentations enable to provide more comprehensive understanding of the reliability and interpretability of SHAP-based attributions. This understanding can guide the development of robust decision-making processes and the refinement of models in high-stakes applications. Through our experiments with multiple datasets, we concluded that features with the highest SHAP values are not necessarily the most stable. This epistemic uncertainty can be reduced through better, more representative data and following appropriate or case-desired model development techniques. Tree-based models, especially bagging, facilitate the effective quantification of epistemic uncertainty.",Akshat Dubey; Aleksandar Anžel; Bahar İlgen; Georges Hattab,2025,arXiv,10.1016/j.patter.2025.101454,http://arxiv.org/abs/2508.09639v2,,2025-08-13T09:20:33Z,accepted,
arxiv,1905.11474,"Infusing domain knowledge in AI-based ""black box"" models for better explainability with application in bankruptcy prediction","Although ""black box"" models such as Artificial Neural Networks, Support Vector Machines, and Ensemble Approaches continue to show superior performance in many disciplines, their adoption in the sensitive disciplines (e.g., finance, healthcare) is questionable due to the lack of interpretability and explainability of the model. In fact, future adoption of ""black box"" models is difficult because of the recent rule of ""right of explanation"" by the European Union where a user can ask for an explanation behind an algorithmic decision, and the newly proposed bill by the US government, the ""Algorithmic Accountability Act"", which would require companies to assess their machine learning systems for bias and discrimination and take corrective measures. Top Bankruptcy Prediction Models are A.I.-based and are in need of better explainability -the extent to which the internal working mechanisms of an AI system can be explained in human terms. Although explainable artificial intelligence is an emerging field of research, infusing domain knowledge for better explainability might be a possible solution. In this work, we demonstrate a way to collect and infuse domain knowledge into a ""black box"" model for bankruptcy prediction. Our understanding from the experiments reveals that infused domain knowledge makes the output from the black box model more interpretable and explainable.",Sheikh Rabiul Islam; William Eberle; Sid Bundy; Sheikh Khaled Ghafoor,2019,arXiv,,http://arxiv.org/abs/1905.11474v2,,2019-05-27T19:49:11Z,accepted,
arxiv,2504.19027,DiCE-Extended: A Robust Approach to Counterfactual Explanations in Machine Learning,"Explainable artificial intelligence (XAI) has become increasingly important in decision-critical domains such as healthcare, finance, and law. Counterfactual (CF) explanations, a key approach in XAI, provide users with actionable insights by suggesting minimal modifications to input features that lead to different model outcomes. Despite significant advancements, existing CF generation methods often struggle to balance proximity, diversity, and robustness, limiting their real-world applicability. A widely adopted framework, Diverse Counterfactual Explanations (DiCE), emphasizes diversity but lacks robustness, making CF explanations sensitive to perturbations and domain constraints. To address these challenges, we introduce DiCE-Extended, an enhanced CF explanation framework that integrates multi-objective optimization techniques to improve robustness while maintaining interpretability. Our approach introduces a novel robustness metric based on the Dice-Sørensen coefficient, enabling stability under small input variations. Additionally, we refine CF generation using weighted loss components (lambda_p, lambda_d, lambda_r) to balance proximity, diversity, and robustness. We empirically validate DiCE-Extended on benchmark datasets (COMPAS, Lending Club, German Credit, Adult Income) across multiple ML backends (Scikit-learn, PyTorch, TensorFlow). Results demonstrate improved CF validity, stability, and alignment with decision boundaries compared to standard DiCE-generated explanations. Our findings highlight the potential of DiCE-Extended in generating more reliable and interpretable CFs for high-stakes applications. Future work could explore adaptive optimization techniques and domain-specific constraints to further enhance CF generation in real-world scenarios",Volkan Bakir; Polat Goktas; Sureyya Akyuz,2025,arXiv,,http://arxiv.org/abs/2504.19027v2,,2025-04-26T21:22:44Z,accepted,
arxiv,2302.06609,Invisible Users: Uncovering End-Users' Requirements for Explainable AI via Explanation Forms and Goals,"Non-technical end-users are silent and invisible users of the state-of-the-art explainable artificial intelligence (XAI) technologies. Their demands and requirements for AI explainability are not incorporated into the design and evaluation of XAI techniques, which are developed to explain the rationales of AI decisions to end-users and assist their critical decisions. This makes XAI techniques ineffective or even harmful in high-stakes applications, such as healthcare, criminal justice, finance, and autonomous driving systems. To systematically understand end-users' requirements to support the technical development of XAI, we conducted the EUCA user study with 32 layperson participants in four AI-assisted critical tasks. The study identified comprehensive user requirements for feature-, example-, and rule-based XAI techniques (manifested by the end-user-friendly explanation forms) and XAI evaluation objectives (manifested by the explanation goals), which were shown to be helpful to directly inspire the proposal of new XAI algorithms and evaluation metrics. The EUCA study findings, the identified explanation forms and goals for technical specification, and the EUCA study dataset support the design and evaluation of end-user-centered XAI techniques for accessible, safe, and accountable AI.",Weina Jin; Jianyu Fan; Diane Gromala; Philippe Pasquier; Ghassan Hamarneh,2023,arXiv,,http://arxiv.org/abs/2302.06609v2,,2023-02-10T19:35:57Z,accepted,
arxiv,2303.06640,Challenges facing the explainability of age prediction models: case study for two modalities,"The prediction of age is a challenging task with various practical applications in high-impact fields like the healthcare domain or criminology. Despite the growing number of models and their increasing performance, we still know little about how these models work. Numerous examples of failures of AI systems show that performance alone is insufficient, thus, new methods are needed to explore and explain the reasons for the model's predictions. In this paper, we investigate the use of Explainable Artificial Intelligence (XAI) for age prediction focusing on two specific modalities, EEG signal and lung X-rays. We share predictive models for age to facilitate further research on new techniques to explain models for these modalities.",Mikolaj Spytek; Weronika Hryniewska-Guzik; Jaroslaw Zygierewicz; Jacek Rogala; Przemyslaw Biecek,2023,arXiv,,http://arxiv.org/abs/2303.06640v1,,2023-03-12T11:51:21Z,accepted,
arxiv,2403.09410,XCoOp: Explainable Prompt Learning for Computer-Aided Diagnosis via Concept-guided Context Optimization,"Utilizing potent representations of the large vision-language models (VLMs) to accomplish various downstream tasks has attracted increasing attention. Within this research field, soft prompt learning has become a representative approach for efficiently adapting VLMs such as CLIP, to tasks like image classification. However, most existing prompt learning methods learn text tokens that are unexplainable, which cannot satisfy the stringent interpretability requirements of Explainable Artificial Intelligence (XAI) in high-stakes scenarios like healthcare. To address this issue, we propose a novel explainable prompt learning framework that leverages medical knowledge by aligning the semantics of images, learnable prompts, and clinical concept-driven prompts at multiple granularities. Moreover, our framework addresses the lack of valuable concept annotations by eliciting knowledge from large language models and offers both visual and textual explanations for the prompts. Extensive experiments and explainability analyses conducted on various datasets, with and without concept labels, demonstrate that our method simultaneously achieves superior diagnostic performance, flexibility, and interpretability, shedding light on the effectiveness of foundation models in facilitating XAI. The code will be made publically available.",Yequan Bie; Luyang Luo; Zhixuan Chen; Hao Chen,2024,arXiv,,http://arxiv.org/abs/2403.09410v1,,2024-03-14T14:02:01Z,accepted,
arxiv,2603.06485,PONTE: Personalized Orchestration for Natural Language Trustworthy Explanations,"Explainable Artificial Intelligence (XAI) seeks to enhance the transparency and accountability of machine learning systems, yet most methods follow a one-size-fits-all paradigm that neglects user differences in expertise, goals, and cognitive needs. Although Large Language Models can translate technical explanations into natural language, they introduce challenges related to faithfulness and hallucinations. To address these challenges, we present PONTE (Personalized Orchestration for Natural language Trustworthy Explanations), a human-in-the-loop framework for adaptive and reliable XAI narratives. PONTE models personalization as a closed-loop validation and adaptation process rather than prompt engineering. It combines: (i) a low-dimensional preference model capturing stylistic requirements; (ii) a preference-conditioned generator grounded in structured XAI artifacts; and (iii) verification modules enforcing numerical faithfulness, informational completeness, and stylistic alignment, optionally supported by retrieval-grounded argumentation. User feedback iteratively updates the preference state, enabling quick personalization. Automatic and human evaluations across healthcare and finance domains show that the verification-refinement loop substantially improves completeness and stylistic alignment over validation-free generation. Human studies further confirm strong agreement between intended preference vectors and perceived style, robustness to generation stochasticity, and consistently positive quality assessments.",Vittoria Vineis; Matteo Silvestri; Lorenzo Antonelli; Filippo Betello; Gabriele Tolomei,2026,arXiv,,http://arxiv.org/abs/2603.06485v1,,2026-03-06T17:12:47Z,accepted,
arxiv,2604.09799,Explainable Human Activity Recognition: A Unified Review of Concepts and Mechanisms,"Human activity recognition (HAR) has become a key component of intelligent systems for healthcare monitoring, assistive living, smart environments, and human-computer interaction. Although deep learning has substantially improved HAR performance on multivariate sensor data, the resulting models often remain opaque, limiting trust, reliability, and real-world deployment. Explainable artificial intelligence (XAI) has therefore emerged as a critical direction for making HAR systems more transparent and human-centered. This paper presents a comprehensive review of explainable HAR methods across wearable, ambient, physiological, and multimodal sensing settings. We introduce a unified perspective that separates conceptual dimensions of explainability from algorithmic explanation mechanisms, reducing ambiguities in prior surveys. Building on this distinction, we present a mechanism-centric taxonomy of XAI-HAR methods covering major explanation paradigms. The review examines how these methods address the temporal, multimodal, and semantic complexities of HAR, and summarize their interpretability objectives, explanation targets, and limitations. In addition, we discuss current evaluation practices, highlight key challenges in achieving reliable and deployable XAI-HAR, and outline directions toward trustworthy activity recognition systems that better support human understanding and decision-making.",Mainak Kundu; Catherine Chen; Rifatul Islam; Ismail Uysal; Ria Kanjilal,2026,arXiv,,http://arxiv.org/abs/2604.09799v1,,2026-04-10T18:20:47Z,accepted,
arxiv,2512.07178,ContextualSHAP : Enhancing SHAP Explanations Through Contextual Language Generation,"Explainable Artificial Intelligence (XAI) has become an increasingly important area of research, particularly as machine learning models are deployed in high-stakes domains. Among various XAI approaches, SHAP (SHapley Additive exPlanations) has gained prominence due to its ability to provide both global and local explanations across different machine learning models. While SHAP effectively visualizes feature importance, it often lacks contextual explanations that are meaningful for end-users, especially those without technical backgrounds. To address this gap, we propose a Python package that extends SHAP by integrating it with a large language model (LLM), specifically OpenAI's GPT, to generate contextualized textual explanations. This integration is guided by user-defined parameters (such as feature aliases, descriptions, and additional background) to tailor the explanation to both the model context and the user perspective. We hypothesize that this enhancement can improve the perceived understandability of SHAP explanations. To evaluate the effectiveness of the proposed package, we applied it in a healthcare-related case study and conducted user evaluations involving real end-users. The results, based on Likert-scale surveys and follow-up interviews, indicate that the generated explanations were perceived as more understandable and contextually appropriate compared to visual-only outputs. While the findings are preliminary, they suggest that combining visualization with contextualized text may support more user-friendly and trustworthy model explanations.",Latifa Dwiyanti; Sergio Ryan Wibisono; Hidetaka Nambo,2025,arXiv,10.1145/3779657.3779691,http://arxiv.org/abs/2512.07178v1,,2025-12-08T05:18:15Z,accepted,
arxiv,2305.05525,Exploring a Gradient-based Explainable AI Technique for Time-Series Data: A Case Study of Assessing Stroke Rehabilitation Exercises,"Explainable artificial intelligence (AI) techniques are increasingly being explored to provide insights into why AI and machine learning (ML) models provide a certain outcome in various applications. However, there has been limited exploration of explainable AI techniques on time-series data, especially in the healthcare context. In this paper, we describe a threshold-based method that utilizes a weakly supervised model and a gradient-based explainable AI technique (i.e. saliency map) and explore its feasibility to identify salient frames of time-series data. Using the dataset from 15 post-stroke survivors performing three upper-limb exercises and labels on whether a compensatory motion is observed or not, we implemented a feed-forward neural network model and utilized gradients of each input on model outcomes to identify salient frames that involve compensatory motions. According to the evaluation using frame-level annotations, our approach achieved a recall of 0.96 and an F2-score of 0.91. Our results demonstrated the potential of a gradient-based explainable AI technique (e.g. saliency map) for time-series data, such as highlighting the frames of a video that therapists should focus on reviewing and reducing the efforts on frame-level labeling for model training.",Min Hun Lee; Yi Jing Choy,2023,arXiv,,http://arxiv.org/abs/2305.05525v1,,2023-05-08T08:30:05Z,accepted,
arxiv,2406.13584,FreqRISE: Explaining time series using frequency masking,"Time-series data are fundamentally important for many critical domains such as healthcare, finance, and climate, where explainable models are necessary for safe automated decision making. To develop explainable artificial intelligence in these domains therefore implies explaining salient information in the time series. Current methods for obtaining saliency maps assume localized information in the raw input space. In this paper, we argue that the salient information of a number of time series is more likely to be localized in the frequency domain. We propose FreqRISE, which uses masking-based methods to produce explanations in the frequency and time-frequency domain, and outperforms strong baselines across a number of tasks. The source code is available here: \url{https://github.com/theabrusch/FreqRISE}.",Thea Brüsch; Kristoffer Knutsen Wickstrøm; Mikkel N. Schmidt; Tommy Sonne Alstrøm; Robert Jenssen,2024,arXiv,,http://arxiv.org/abs/2406.13584v2,,2024-06-19T14:19:59Z,accepted,
arxiv,2403.04130,An Explainable AI Framework for Artificial Intelligence of Medical Things,"The healthcare industry has been revolutionized by the convergence of Artificial Intelligence of Medical Things (AIoMT), allowing advanced data-driven solutions to improve healthcare systems. With the increasing complexity of Artificial Intelligence (AI) models, the need for Explainable Artificial Intelligence (XAI) techniques become paramount, particularly in the medical domain, where transparent and interpretable decision-making becomes crucial. Therefore, in this work, we leverage a custom XAI framework, incorporating techniques such as Local Interpretable Model-Agnostic Explanations (LIME), SHapley Additive exPlanations (SHAP), and Gradient-weighted Class Activation Mapping (Grad-Cam), explicitly designed for the domain of AIoMT. The proposed framework enhances the effectiveness of strategic healthcare methods and aims to instill trust and promote understanding in AI-driven medical applications. Moreover, we utilize a majority voting technique that aggregates predictions from multiple convolutional neural networks (CNNs) and leverages their collective intelligence to make robust and accurate decisions in the healthcare system. Building upon this decision-making process, we apply the XAI framework to brain tumor detection as a use case demonstrating accurate and transparent diagnosis. Evaluation results underscore the exceptional performance of the XAI framework, achieving high precision, recall, and F1 scores with a training accuracy of 99% and a validation accuracy of 98%. Combining advanced XAI techniques with ensemble-based deep-learning (DL) methodologies allows for precise and reliable brain tumor diagnoses as an application of AIoMT.",Al Amin; Kamrul Hasan; Saleh Zein-Sabatto; Deo Chimba; Imtiaz Ahmed; Tariqul Islam,2024,arXiv,,http://arxiv.org/abs/2403.04130v1,,2024-03-07T01:08:41Z,accepted,
arxiv,2109.15125,Visualisation to Explain Personal Health Trends in Smart Homes,"An ambient sensor network is installed in Smart Homes to identify low-level events taking place by residents, which are then analysed to generate a profile of activities of daily living. These profiles are compared to both the resident's typical profile and to known ""risky"" profiles to support recommendation of evidence-based interventions. Maintaining trust presents an XAI challenge because the recommendations are not easily interpretable. Trust in the system can be improved by making the decision-making process more transparent. We propose a visualisation workflow which presents the data in clear, colour-coded graphs.",Glenn Forbes; Stewart Massie; Susan Craw,2021,arXiv,,http://arxiv.org/abs/2109.15125v1,,2021-09-28T16:39:37Z,accepted,
arxiv,2608.27821,Actionable CBFI: Integrating Structural Decomposition and Causal Counterfactual Recourse for Tabular Machine Learning,"Explainable artificial intelligence (XAI) increasingly calls for actionable counterfactual recourse, yet current methodologies face challenges related to causal invalidity, excessive cognitive burden, and predictive failure. Exhaustive causal search algorithms often require modifications to multiple attributes, whereas additive attribution-guided methods, such as SHAP, ignore higher-order feature synergies, leading to suboptimal predictive momentum and diffuse intervention effort in complex nonlinear models, such as XGBoost. To bridge this gap, we introduce actionable case-based feature importance (A-CBFI), a diagnosis-prescription integrated framework for tabular machine learning. Grounded in structural causal models (SCMs), A-CBFI isolates synergistic interaction bottlenecks and releases suppressive structural locks, translating them into targeted interventions. By mathematically separating the active user intervention space (L_{\mathrm{active}}) from downstream effects and concentrating over 98.3% of the intervention effort on diagnosed root causes, A-CBFI enables highly targeted interventions. Empirical evaluations across the financial and healthcare domains demonstrate that A-CBFI reduces the active human intervention burden by 76.9% while maintaining comparable global recourse cost to exhaustive causal baselines. By prioritizing the diagnosed causal bottlenecks, A-CBFI provides targeted and actionable recourse while maintaining causal validity and achieving full relative convergence across all causally feasible instances.",Sejong Oh,2026,arXiv,,http://arxiv.org/abs/2608.27821v1,,2026-08-28T01:40:43Z,accepted,
arxiv,2403.15684,The Limits of Perception: Analyzing Inconsistencies in Saliency Maps in XAI,"Explainable artificial intelligence (XAI) plays an indispensable role in demystifying the decision-making processes of AI, especially within the healthcare industry. Clinicians rely heavily on detailed reasoning when making a diagnosis, often CT scans for specific features that distinguish between benign and malignant lesions. A comprehensive diagnostic approach includes an evaluation of imaging results, patient observations, and clinical tests. The surge in deploying deep learning models as support systems in medical diagnostics has been significant, offering advances that traditional methods could not. However, the complexity and opacity of these models present a double-edged sword. As they operate as ""black boxes,"" with their reasoning obscured and inaccessible, there's an increased risk of misdiagnosis, which can lead to patient harm. Hence, there is a pressing need to cultivate transparency within AI systems, ensuring that the rationale behind an AI's diagnostic recommendations is clear and understandable to medical practitioners. This shift towards transparency is not just beneficial -- it's a critical step towards responsible AI integration in healthcare, ensuring that AI aids rather than hinders medical professionals in their crucial work.",Anna Stubbin; Thompson Chyrikov; Jim Zhao; Christina Chajo,2024,arXiv,,http://arxiv.org/abs/2403.15684v1,,2024-03-23T02:15:23Z,accepted,
arxiv,2502.02618,Deep Learning-Based Facial Expression Recognition for the Elderly: A Systematic Review,"The rapid aging of the global population has highlighted the need for technologies to support elderly, particularly in healthcare and emotional well-being. Facial expression recognition (FER) systems offer a non-invasive means of monitoring emotional states, with applications in assisted living, mental health support, and personalized care. This study presents a systematic review of deep learning-based FER systems, focusing on their applications for the elderly population. Following a rigorous methodology, we analyzed 31 studies published over the last decade, addressing challenges such as the scarcity of elderly-specific datasets, class imbalances, and the impact of age-related facial expression differences. Our findings show that convolutional neural networks remain dominant in FER, and especially lightweight versions for resource-constrained environments. However, existing datasets often lack diversity in age representation, and real-world deployment remains limited. Additionally, privacy concerns and the need for explainable artificial intelligence emerged as key barriers to adoption. This review underscores the importance of developing age-inclusive datasets, integrating multimodal solutions, and adopting XAI techniques to enhance system usability, reliability, and trustworthiness. We conclude by offering recommendations for future research to bridge the gap between academic progress and real-world implementation in elderly care.",F. Xavier Gaya-Morey; Jose M. Buades-Rubio; Philippe Palanque; Raquel Lacuesta; Cristina Manresa-Yee,2025,arXiv,,http://arxiv.org/abs/2502.02618v1,,2025-02-04T11:05:24Z,accepted,
arxiv,2401.15840,Emergent Explainability: Adding a causal chain to neural network inference,"This position paper presents a theoretical framework for enhancing explainable artificial intelligence (xAI) through emergent communication (EmCom), focusing on creating a causal understanding of AI model outputs. We explore the novel integration of EmCom into AI systems, offering a paradigm shift from conventional associative relationships between inputs and outputs to a more nuanced, causal interpretation. The framework aims to revolutionize how AI processes are understood, making them more transparent and interpretable. While the initial application of this model is demonstrated on synthetic data, the implications of this research extend beyond these simple applications. This general approach has the potential to redefine interactions with AI across multiple domains, fostering trust and informed decision-making in healthcare and in various sectors where AI's decision-making processes are critical. The paper discusses the theoretical underpinnings of this approach, its potential broad applications, and its alignment with the growing need for responsible and transparent AI systems in an increasingly digital world.",Adam Perrett,2024,arXiv,,http://arxiv.org/abs/2401.15840v1,,2024-01-29T02:28:39Z,accepted,
arxiv,2408.00753,A deep learning-enabled smart garment for accurate and versatile sleep conditions monitoring in daily life,"In wearable smart systems, continuous monitoring and accurate classification of different sleep-related conditions are critical for enhancing sleep quality and preventing sleep-related chronic conditions. However, the requirements for device-skin coupling quality in electrophysiological sleep monitoring systems hinder the comfort and reliability of night wearing. Here, we report a washable, skin-compatible smart garment sleep monitoring system that captures local skin strain signals under weak device-skin coupling conditions without positioning or skin preparation requirements. A printed textile-based strain sensor array responds to strain from 0.1% to 10% with a gauge factor as high as 100 and shows independence to extrinsic motion artefacts via strain-isolating printed pattern design. Through reversible starching treatment, ink penetration depth during direct printing on garments is controlled to achieve batch-to-batch performance variation < 10%. Coupled with deep learning, explainable artificial intelligence (XAI), and transfer learning data processing, the smart garment is capable of classifying six sleep states with an accuracy of 98.6%, maintaining excellent explainability (classification with low bias) and generalization (95% accuracy on new users with few-shot learning less than 15 samples per class) in practical applications, paving the way for next-generation daily sleep healthcare management.",Chenyu Tang; Wentian Yi; Muzi Xu; Yuxuan Jin; Zibo Zhang; Xuhang Chen; Caizhi Liao; Peter Smielewski; Luigi G. Occhipinti,2024,arXiv,10.1073/pnas.2420498122,http://arxiv.org/abs/2408.00753v2,,2024-08-01T17:56:25Z,accepted,
arxiv,2510.19514,From Prototypes to Sparse ECG Explanations: SHAP-Driven Counterfactuals for Multivariate Time-Series Multi-class Classification,"In eXplainable Artificial Intelligence (XAI), instance-based explanations for time series have gained increasing attention due to their potential for actionable and interpretable insights in domains such as healthcare. Addressing the challenges of explainability of state-of-the-art models, we propose a prototype-driven framework for generating sparse counterfactual explanations tailored to 12-lead ECG classification models. Our method employs SHAP-based thresholds to identify critical signal segments and convert them into interval rules, uses Dynamic Time Warping (DTW) and medoid clustering to extract representative prototypes, and aligns these prototypes to query R-peaks for coherence with the sample being explained. The framework generates counterfactuals that modify only 78% of the original signal while maintaining 81.3% validity across all classes and achieving 43% improvement in temporal stability. We evaluate three variants of our approach, Original, Sparse, and Aligned Sparse, with class-specific performance ranging from 98.9% validity for myocardial infarction (MI) to challenges with hypertrophy (HYP) detection (13.2%). This approach supports near realtime generation (< 1 second) of clinically valid counterfactuals and provides a foundation for interactive explanation platforms. Our findings establish design principles for physiologically-aware counterfactual explanations in AI-based diagnosis systems and outline pathways toward user-controlled explanation interfaces for clinical deployment.",Maciej Mozolewski; Betül Bayrak; Kerstin Bach; Grzegorz J. Nalepa,2025,arXiv,,http://arxiv.org/abs/2510.19514v2,,2025-10-22T12:09:50Z,accepted,
arxiv,2501.06077,Explainable Federated Bayesian Causal Inference and Its Application in Advanced Manufacturing,"Causal inference has recently gained notable attention across various fields like biology, healthcare, and environmental science, especially within explainable artificial intelligence (xAI) systems, for uncovering the causal relationships among multiple variables and outcomes. Yet, it has not been fully recognized and deployed in the manufacturing systems. In this paper, we introduce an explainable, scalable, and flexible federated Bayesian learning framework, \texttt{xFBCI}, designed to explore causality through treatment effect estimation in distributed manufacturing systems. By leveraging federated Bayesian learning, we efficiently estimate posterior of local parameters to derive the propensity score for each client without accessing local private data. These scores are then used to estimate the treatment effect using propensity score matching (PSM). Through simulations on various datasets and a real-world Electrohydrodynamic (EHD) printing data, we demonstrate that our approach outperforms standard Bayesian causal inference methods and several state-of-the-art federated learning benchmarks.",Xiaofeng Xiao; Khawlah Alharbi; Pengyu Zhang; Hantang Qin; Xubo Yue,2025,arXiv,,http://arxiv.org/abs/2501.06077v1,,2025-01-10T16:14:08Z,accepted,
arxiv,2608.07091,Human-Centered Explainable AI for TinyML Edge Devices: A Pareto-Based Selection Framework with LLM-Guided Design,"Edge Artificial Intelligence (Edge AI) enables the deployment of AI models directly on local edge devices, while such deployments are subject to strict resource constraints, particularly in clinical applications requiring local and timely inference. In such contexts, explainable artificial intelligence (XAI) can serve as a human-AI interface intended to support healthcare professionals' and patients' understanding of model predictions and informed decision-making. To fulfill this role, XAI method selection for TinyML deployments can be formulated as a human-centered multi-objective design problem that jointly considers qualitative stakeholder preferences, explanation quality, and proxy-based deployment cost. We propose a framework that integrates a large language model (LLM)-guided design interface that maps qualitative stakeholder preferences to candidate XAI methods, followed by deterministic feasibility filtering and Pareto-based optimization. The framework exposes trade-offs among explanation fidelity, stability, and proxy-based deployment cost while characterizing their implications for explanation quality and estimated deployment feasibility. A proof-of-concept evaluation on a skin lesion classification task illustrates how the framework systematically compares candidate XAI methods and identifies Pareto-efficient trade-offs. The present evaluation covers the computational selection stages, while physical MCU deployment and empirical human-expert validation remain outside the scope of this study.",Zeinab Dehghani; Dhavalkumar Thakker; Koorosh Aslansefat; Kuniko Paxton; Bhupesh Kumar Mishra; Baseer Ahmad; Rameez Raja Kureshi,2026,arXiv,,http://arxiv.org/abs/2608.07091v1,,2026-08-07T10:40:53Z,accepted,
arxiv,2411.14471,Leveraging Gene Expression Data and Explainable Machine Learning for Enhanced Early Detection of Type 2 Diabetes,"Diabetes, particularly Type 2 diabetes (T2D), poses a substantial global health burden, compounded by its associated complications such as cardiovascular diseases, kidney failure, and vision impairment. Early detection of T2D is critical for improving healthcare outcomes and optimizing resource allocation. In this study, we address the gap in early T2D detection by leveraging machine learning (ML) techniques on gene expression data obtained from T2D patients. Our primary objective was to enhance the accuracy of early T2D detection through advanced ML methodologies and increase the model's trustworthiness using the explainable artificial intelligence (XAI) technique. Analyzing the biological mechanisms underlying T2D through gene expression datasets represents a novel research frontier, relatively less explored in previous studies. While numerous investigations have focused on utilizing clinical and demographic data for T2D prediction, the integration of molecular insights from gene expression datasets offers a unique and promising avenue for understanding the pathophysiology of the disease. By employing six ML classifiers on data sourced from NCBI's Gene Expression Omnibus (GEO), we observed promising performance across all models. Notably, the XGBoost classifier exhibited the highest accuracy, achieving 97%. Our study addresses a notable gap in early T2D detection methodologies, emphasizing the importance of leveraging gene expression data and advanced ML techniques.",Aurora Lithe Roy; Md Kamrul Siam; Nuzhat Noor Islam Prova; Sumaiya Jahan; Abdullah Al Maruf,2024,arXiv,,http://arxiv.org/abs/2411.14471v1,,2024-11-18T20:24:08Z,accepted,
arxiv,2403.09752,Explainable Machine Learning-Based Security and Privacy Protection Framework for Internet of Medical Things Systems,"The Internet of Medical Things transcends traditional medical boundaries, enabling a transition from reactive treatment to proactive prevention. This innovative method revolutionizes healthcare by facilitating early disease detection and tailored care, particularly in chronic disease management, where IoMT automates treatments based on real-time health data collection. Nonetheless, its benefits are countered by significant security challenges that endanger the lives of its users due to the sensitivity and value of the processed data, thereby attracting malicious interests. Moreover, the utilization of wireless communication for data transmission exposes medical data to interception and tampering by cybercriminals. Additionally, anomalies may arise due to human error, network interference, or hardware malfunctions. In this context, anomaly detection based on Machine Learning (ML) is an interesting solution, but it comes up against obstacles in terms of explicability and privacy protection. To address these challenges, a new framework for Intrusion Detection Systems is introduced, leveraging Artificial Neural Networks for intrusion detection while utilizing Federated Learning for privacy preservation. Additionally, eXplainable Artificial Intelligence methods are incorporated to enhance model explanation and interpretation. The efficacy of the proposed framework is evaluated and compared with centralized approaches using multiple datasets containing network and medical data, simulating various attack types impacting the confidentiality, integrity, and availability of medical and physiological data. The results offer compelling evidence that the FL method performs comparably to the centralized method, demonstrating high performance. Additionally, it affords the dual advantage of safeguarding privacy and providing model explanation while adhering to ethical principles.",Ayoub Si-ahmed; Mohammed Ali Al-Garadi; Narhimene Boustia,2024,arXiv,,http://arxiv.org/abs/2403.09752v4,,2024-03-14T11:57:26Z,accepted,
arxiv,2412.00800,A Comprehensive Guide to Explainable AI: From Classical Models to LLMs,"Explainable Artificial Intelligence (XAI) addresses the growing need for transparency and interpretability in AI systems, enabling trust and accountability in decision-making processes. This book offers a comprehensive guide to XAI, bridging foundational concepts with advanced methodologies. It explores interpretability in traditional models such as Decision Trees, Linear Regression, and Support Vector Machines, alongside the challenges of explaining deep learning architectures like CNNs, RNNs, and Large Language Models (LLMs), including BERT, GPT, and T5. The book presents practical techniques such as SHAP, LIME, Grad-CAM, counterfactual explanations, and causal inference, supported by Python code examples for real-world applications. Case studies illustrate XAI's role in healthcare, finance, and policymaking, demonstrating its impact on fairness and decision support. The book also covers evaluation metrics for explanation quality, an overview of cutting-edge XAI tools and frameworks, and emerging research directions, such as interpretability in federated learning and ethical AI considerations. Designed for a broad audience, this resource equips readers with the theoretical insights and practical skills needed to master XAI. Hands-on examples and additional resources are available at the companion GitHub repository: https://github.com/Echoslayer/XAI_From_Classical_Models_to_LLMs.",Weiche Hsieh; Ziqian Bi; Chuanqi Jiang; Junyu Liu; Benji Peng; Sen Zhang; Xuanhe Pan; Jiawei Xu; Jinlang Wang; Keyu Chen; Pohsun Feng; Yizhu Wen; Xinyuan Song; Tianyang Wang; Ming Liu; Junjie Yang; Ming Li; Bowen Jing; Jintao Ren; Junhao Song; Hong-Ming Tseng; Yichao Zhang; Lawrence K. Q. Yan; Qian Niu; Silin Chen; Yunze Wang; Chia Xin Liang,2024,arXiv,,http://arxiv.org/abs/2412.00800v2,,2024-12-01T13:01:01Z,accepted,
arxiv,2205.04599,Perception-Aligned AI Outputs: End-to-End Visual Prediction for Uncertainty Communication in Clinical Decision-Making,"Explainable Artificial Intelligence (XAI) is essential for trustworthy AI in healthcare, yet many existing methods rely on technical explanations that are difficult for clinicians and patients to interpret. We introduce Visualized Learning for Machine Learning (VL4ML), a human-centered explainability framework that communicates model predictions and uncertainty through intuitive visual representations rather than numerical or post-hoc explanations. By encoding diagnostic information in colors, patterns, and spatial structures, VL4ML enables users to interpret predictions without requiring knowledge of model internals or statistical expertise. We demonstrate the framework across multiple clinical tasks, including classification, regression, longitudinal prediction, and multimodal analysis. Its effectiveness was evaluated through a human-centered study involving 158 participants (39.2% clinical professionals) and an expert interpretability assessment. More than 79% of participants positively rated the visual explanations across evaluation dimensions, 84.0% found them more memorable than numeric outputs, and 76.9% reported faster decision-making. Over 82% successfully perceived uncertainty embedded in the visual representations without prior statistical training. No significant differences were observed between clinicians and non-clinicians or between male and female participants, indicating broad accessibility. These results suggest that VL4ML complements existing XAI and uncertainty quantification methods by providing intuitive, universally interpretable visual explanations that support transparent and trustworthy clinical decision-making.",Mohammad Eslami; Solale Tabarestani; Saber Kazeminasab; Ehsan Adeli; Glyn Elwyn; Tobias Elze; Mengyu Wang; Nazlee Zebardast; Lucia Sobrin; Nassir Navab; Daniel Shu Wei Ting; Malek Adjouadi,2022,arXiv,,http://arxiv.org/abs/2205.04599v2,,2022-05-09T23:29:47Z,accepted,
arxiv,2404.03892,Enhancing Breast Cancer Diagnosis in Mammography: Evaluation and Integration of Convolutional Neural Networks and Explainable AI,"The Deep learning (DL) models for diagnosing breast cancer from mammographic images often operate as ""black boxes"", making it difficult for healthcare professionals to trust and understand their decision-making processes. The study presents an integrated framework combining Convolutional Neural Networks (CNNs) and Explainable Artificial Intelligence (XAI) for the enhanced diagnosis of breast cancer using the CBIS-DDSM dataset. The methodology encompasses an elaborate data preprocessing pipeline and advanced data augmentation techniques to counteract dataset limitations and transfer learning using pre-trained networks such as VGG-16, Inception-V3 and ResNet was employed. A focal point of our study is the evaluation of XAI's effectiveness in interpreting model predictions, highlighted by utilizing the Hausdorff measure to assess the alignment between AI-generated explanations and expert annotations quantitatively. This approach is critical for XAI in promoting trustworthiness and ethical fairness in AI-assisted diagnostics. The findings from our research illustrate the effective collaboration between CNNs and XAI in advancing diagnostic methods for breast cancer, thereby facilitating a more seamless integration of advanced AI technologies within clinical settings. By enhancing the interpretability of AI driven decisions, this work lays the groundwork for improved collaboration between AI systems and medical practitioners, ultimately enriching patient care. Furthermore, the implications of our research extended well beyond the current methodologies. It encourages further research into how to combine multimodal data and improve AI explanations to meet the needs of clinical practice.",Maryam Ahmed; Tooba Bibi; Rizwan Ahmed Khan; Sidra Nasir,2024,arXiv,,http://arxiv.org/abs/2404.03892v3,,2024-04-05T05:00:21Z,accepted,
arxiv,2501.16357,EVolutionary Independent DEtermiNistiC Explanation,"The widespread use of artificial intelligence deep neural networks in fields such as medicine and engineering necessitates understanding their decision-making processes. Current explainability methods often produce inconsistent results and struggle to highlight essential signals influencing model inferences. This paper introduces the Evolutionary Independent Deterministic Explanation (EVIDENCE) theory, a novel approach offering a deterministic, model-independent method for extracting significant signals from black-box models. EVIDENCE theory, grounded in robust mathematical formalization, is validated through empirical tests on diverse datasets, including COVID-19 audio diagnostics, Parkinson's disease voice recordings, and the George Tzanetakis music classification dataset (GTZAN). Practical applications of EVIDENCE include improving diagnostic accuracy in healthcare and enhancing audio signal analysis. For instance, in the COVID-19 use case, EVIDENCE-filtered spectrograms fed into a frozen Residual Network with 50 layers improved precision by 32% for positive cases and increased the area under the curve (AUC) by 16% compared to baseline models. For Parkinson's disease classification, EVIDENCE achieved near-perfect precision and sensitivity, with a macro average F1-Score of 0.997. In the GTZAN, EVIDENCE maintained a high AUC of 0.996, demonstrating its efficacy in filtering relevant features for accurate genre classification. EVIDENCE outperformed other Explainable Artificial Intelligence (XAI) methods such as LIME, SHAP, and GradCAM in almost all metrics. These findings indicate that EVIDENCE not only improves classification accuracy but also provides a transparent and reproducible explanation mechanism, crucial for advancing the trustworthiness and applicability of AI systems in real-world settings.",Vincenzo Dentamaro; Paolo Giglio; Donato Impedovo; Giuseppe Pirlo,2025,arXiv,,http://arxiv.org/abs/2501.16357v1,,2025-01-20T12:05:14Z,accepted,
arxiv,2511.00246,Melanoma Classification Through Deep Ensemble Learning and Explainable AI,"Melanoma is one of the most aggressive and deadliest skin cancers, leading to mortality if not detected and treated in the early stages. Artificial intelligence techniques have recently been developed to help dermatologists in the early detection of melanoma, and systems based on deep learning (DL) have been able to detect these lesions with high accuracy. However, the entire community must overcome the explainability limit to get the maximum benefit from DL for diagnostics in the healthcare domain. Because of the black box operation's shortcomings in DL models' decisions, there is a lack of reliability and trust in the outcomes. However, Explainable Artificial Intelligence (XAI) can solve this problem by interpreting the predictions of AI systems. This paper proposes a machine learning model using ensemble learning of three state-of-the-art deep transfer Learning networks, along with an approach to ensure the reliability of the predictions by utilizing XAI techniques to explain the basis of the predictions.",Wadduwage Shanika Perera; ABM Islam; Van Vung Pham; Min Kyung An,2025,arXiv,10.5220/0012575400003657,http://arxiv.org/abs/2511.00246v1,,2025-10-31T20:36:12Z,accepted,
arxiv,2504.04549,Opening the black box of deep learning: Validating the statistical association between explainable artificial intelligence (XAI) and clinical domain knowledge in fundus image-based glaucoma diagnosis,"While deep learning has exhibited remarkable predictive capabilities in various medical image tasks, its inherent black-box nature has hindered its widespread implementation in real-world healthcare settings. Our objective is to unveil the decision-making processes of deep learning models in the context of glaucoma classification by employing several Class Activation Map (CAM) techniques to generate model focus regions and comparing them with clinical domain knowledge of the anatomical area (optic cup, optic disk, and blood vessels). Four deep neural networks, including VGG-11, ResNet-18, DeiT-Tiny, and Swin Transformer-Tiny, were developed using binary diagnostic labels of glaucoma and five CAM methods (Grad-CAM, XGrad-CAM, Score-CAM, Eigen-CAM, and Layer-CAM) were employed to highlight the model focus area. We applied the paired-sample t-test to compare the percentage of anatomies in the model focus area to the proportion of anatomies in the entire image. After that, Pearson's and Spearman's correlation tests were implemented to examine the relationship between model predictive ability and the percentage of anatomical structures in the model focus area. On five public glaucoma datasets, all deep learning models consistently displayed statistically significantly higher percentages of anatomical structures in the focus area than the proportions of anatomical structures in the entire image. Also, we validated the positive relationship between the percentage of anatomical structures in the focus area and model predictive performance. Our study provides evidence of the convergence of decision logic between deep neural networks and human clinicians through rigorous statistical tests. We anticipate that it can help alleviate clinicians' concerns regarding the trustworthiness of deep learning in healthcare. For reproducibility, the code and dataset have been released at GitHub.",Han Yuan; Lican Kang; Yong Li,2025,arXiv,,http://arxiv.org/abs/2504.04549v1,,2025-04-06T16:57:34Z,accepted,
arxiv,2308.11446,Exploration of the Rashomon Set Assists Trustworthy Explanations for Medical Data,"The machine learning modeling process conventionally culminates in selecting a single model that maximizes a selected performance metric. However, this approach leads to abandoning a more profound analysis of slightly inferior models. Particularly in medical and healthcare studies, where the objective extends beyond predictions to valuable insight generation, relying solely on a single model can result in misleading or incomplete conclusions. This problem is particularly pertinent when dealing with a set of models known as $\textit{Rashomon set}$, with performance close to maximum one. Such a set can be numerous and may contain models describing the data in a different way, which calls for comprehensive analysis. This paper introduces a novel process to explore models in the Rashomon set, extending the conventional modeling approach. We propose the $\texttt{Rashomon_DETECT}$ algorithm to detect models with different behavior. It is based on recent developments in the eXplainable Artificial Intelligence (XAI) field. To quantify differences in variable effects among models, we introduce the Profile Disparity Index (PDI) based on measures from functional data analysis. To illustrate the effectiveness of our approach, we showcase its application in predicting survival among hemophagocytic lymphohistiocytosis (HLH) patients - a foundational case study. Additionally, we benchmark our approach on other medical data sets, demonstrating its versatility and utility in various contexts. If differently behaving models are detected in the Rashomon set, their combined analysis leads to more trustworthy conclusions, which is of vital importance for high-stakes applications such as medical applications.",Katarzyna Kobylińska; Mateusz Krzyziński; Rafał Machowicz; Mariusz Adamek; Przemysław Biecek,2023,arXiv,,http://arxiv.org/abs/2308.11446v2,,2023-08-22T13:53:43Z,accepted,
arxiv,2310.01828,Trainable Noise Model as an XAI evaluation method: application on Sobol for remote sensing image segmentation,"eXplainable Artificial Intelligence (XAI) has emerged as an essential requirement when dealing with mission-critical applications, ensuring transparency and interpretability of the employed black box AI models. The significance of XAI spans various domains, from healthcare to finance, where understanding the decision-making process of deep learning algorithms is essential. Most AI-based computer vision models are often black boxes; hence, providing explainability of deep neural networks in image processing is crucial for their wide adoption and deployment in medical image analysis, autonomous driving, and remote sensing applications. Recently, several XAI methods for image classification tasks have been introduced. On the contrary, image segmentation has received comparatively less attention in the context of explainability, although it is a fundamental task in computer vision applications, especially in remote sensing. Only some research proposes gradient-based XAI algorithms for image segmentation. This paper adapts the recent gradient-free Sobol XAI method for semantic segmentation. To measure the performance of the Sobol method for segmentation, we propose a quantitative XAI evaluation method based on a learnable noise model. The main objective of this model is to induce noise on the explanation maps, where higher induced noise signifies low accuracy and vice versa. A benchmark analysis is conducted to evaluate and compare performance of three XAI methods, including Seg-Grad-CAM, Seg-Grad-CAM++ and Seg-Sobol using the proposed noise-based evaluation technique. This constitutes the first attempt to run and evaluate XAI methods using high-resolution satellite images.",Hossein Shreim; Abdul Karim Gizzini; Ali J. Ghandour,2023,arXiv,,http://arxiv.org/abs/2310.01828v2,,2023-10-03T06:51:48Z,accepted,
arxiv,2404.13419,Reconciling Explanations in Multi-Model Systems through Probabilistic Argumentation,"Explainable Artificial Intelligence (XAI) has become critical in enhancing the transparency and trustworthiness of AI systems, especially as these systems are increasingly deployed in high-stakes domains such as healthcare and finance. Despite the progress made in developing explanation generation techniques for individual machine learning (ML) models, significant challenges remain in achieving coherent and comprehensive explanations in multi-model systems. This paper addresses these challenges by focusing on the explanation reconciliation problem (ERP) within multi-model systems. Traditional explanation generation technique often fall short in multi-model systems contexts, where explanations from different models can conflict and fail to form a cohesive narrative. Through the use of probabilistic argumentation and knowledge representation techniques, we propose a framework for generating holistic explanations that align with human cognitive processes. Our approach involves mapping uncertain explanation information to probabilistic arguments and introducing criteria for explanation reconciliation based on user perspectives such as optimism, pessimism, fairness. In addition, we introduce the relative independence assumption to optimise the search space for computational explanations.",Shengxin Hong; Xiuyi Fan,2024,arXiv,,http://arxiv.org/abs/2404.13419v2,,2024-04-20T16:20:17Z,accepted,
arxiv,2505.08198,SIM-Shapley: A Stable and Computationally Efficient Approach to Shapley Value Approximation,"Explainable artificial intelligence (XAI) is essential for trustworthy machine learning (ML), particularly in high-stakes domains such as healthcare and finance. Shapley value (SV) methods provide a principled framework for feature attribution in complex models but incur high computational costs, limiting their scalability in high-dimensional settings. We propose Stochastic Iterative Momentum for Shapley Value Approximation (SIM-Shapley), a stable and efficient SV approximation method inspired by stochastic optimization. We analyze variance theoretically, prove linear $Q$-convergence, and demonstrate improved empirical stability and low bias in practice on real-world datasets. In our numerical experiments, SIM-Shapley reduces computation time by up to 85% relative to state-of-the-art baselines while maintaining comparable feature attribution quality. Beyond feature attribution, our stochastic mini-batch iterative framework extends naturally to a broader class of sample average approximation problems, offering a new avenue for improving computational efficiency with stability guarantees. Code is publicly available at https://github.com/nliulab/SIM-Shapley.",Wangxuan Fan; Siqi Li; Doudou Zhou; Yohei Okada; Chuan Hong; Molei Liu; Nan Liu,2025,arXiv,,http://arxiv.org/abs/2505.08198v2,,2025-05-13T03:23:10Z,accepted,
arxiv,2011.04049,FairLens: Auditing Black-box Clinical Decision Support Systems,"The pervasive application of algorithmic decision-making is raising concerns on the risk of unintended bias in AI systems deployed in critical settings such as healthcare. The detection and mitigation of biased models is a very delicate task which should be tackled with care and involving domain experts in the loop. In this paper we introduce FairLens, a methodology for discovering and explaining biases. We show how our tool can be used to audit a fictional commercial black-box model acting as a clinical decision support system. In this scenario, the healthcare facility experts can use FairLens on their own historical data to discover the model's biases before incorporating it into the clinical decision flow. FairLens first stratifies the available patient data according to attributes such as age, ethnicity, gender and insurance; it then assesses the model performance on such subgroups of patients identifying those in need of expert evaluation. Finally, building on recent state-of-the-art XAI (eXplainable Artificial Intelligence) techniques, FairLens explains which elements in patients' clinical history drive the model error in the selected subgroup. Therefore, FairLens allows experts to investigate whether to trust the model and to spotlight group-specific biases that might constitute potential fairness issues.",Cecilia Panigutti; Alan Perotti; Andrè Panisson; Paolo Bajardi; Dino Pedreschi,2020,arXiv,,http://arxiv.org/abs/2011.04049v1,,2020-11-08T18:40:50Z,accepted,
arxiv,2311.14139,Machine Learning For An Explainable Cost Prediction of Medical Insurance,"Predictive modeling in healthcare continues to be an active actuarial research topic as more insurance companies aim to maximize the potential of Machine Learning approaches to increase their productivity and efficiency. In this paper, the authors deployed three regression-based ensemble ML models that combine variations of decision trees through Extreme Gradient Boosting, Gradient-boosting Machine, and Random Forest) methods in predicting medical insurance costs. Explainable Artificial Intelligence methods SHapley Additive exPlanations and Individual Conditional Expectation plots were deployed to discover and explain the key determinant factors that influence medical insurance premium prices in the dataset. The dataset used comprised 986 records and is publicly available in the KAGGLE repository. The models were evaluated using four performance evaluation metrics, including R-squared, Mean Absolute Error, Root Mean Squared Error, and Mean Absolute Percentage Error. The results show that all models produced impressive outcomes; however, the XGBoost model achieved a better overall performance although it also expanded more computational resources, while the RF model recorded a lesser prediction error and consumed far fewer computing resources than the XGBoost model. Furthermore, we compared the outcome of both XAi methods in identifying the key determinant features that influenced the PremiumPrices for each model and whereas both XAi methods produced similar outcomes, we found that the ICE plots showed in more detail the interactions between each variable than the SHAP analysis which seemed to be more high-level. It is the aim of the authors that the contributions of this study will help policymakers, insurers, and potential medical insurance buyers in their decision-making process for selecting the right policies that meet their specific needs.",Ugochukwu Orji; Elochukwu Ukwandu,2023,arXiv,,http://arxiv.org/abs/2311.14139v1,,2023-11-23T18:13:34Z,accepted,
arxiv,2307.07603,Gastrointestinal Disease Classification through Explainable and Cost-Sensitive Deep Neural Networks with Supervised Contrastive Learning,"Gastrointestinal diseases pose significant healthcare chall-enges as they manifest in diverse ways and can lead to potential complications. Ensuring precise and timely classification of these diseases is pivotal in guiding treatment choices and enhancing patient outcomes. This paper introduces a novel approach on classifying gastrointestinal diseases by leveraging cost-sensitive pre-trained deep convolutional neural network (CNN) architectures with supervised contrastive learning. Our approach enables the network to learn representations that capture vital disease-related features, while also considering the relationships of similarity between samples. To tackle the challenges posed by imbalanced datasets and the cost-sensitive nature of misclassification errors in healthcare, we incorporate cost-sensitive learning. By assigning distinct costs to misclassifications based on the disease class, we prioritize accurate classification of critical conditions. Furthermore, we enhance the interpretability of our model by integrating gradient-based techniques from explainable artificial intelligence (AI). This inclusion provides valuable insights into the decision-making process of the network, aiding in understanding the features that contribute to disease classification. To assess the effectiveness of our proposed approach, we perform extensive experiments on a comprehensive gastrointestinal disease dataset, such as the Hyper-Kvasir dataset. Through thorough comparisons with existing works, we demonstrate the strong classification accuracy, robustness and interpretability of our model. We have made the implementation of our proposed approach publicly available at https://github.com/dibya404/Gastrointestinal-Disease-Classification-through-Explainable-and-Cost-Sensitive-DNN-with-SCL",Dibya Nath; G. M. Shahariar,2023,arXiv,,http://arxiv.org/abs/2307.07603v1,,2023-07-14T19:56:30Z,accepted,
arxiv,2606.05710,Explainable AI-Driven Cyber Risk Analytics and Model Reliability Assessment for Intelligent Governance of U.S. Critical Infrastructure: An XGBoost and SHAP-Based Intrusion Detection Framework,"The increasing penetrations of the critical infrastructure sector in the United States with intelligent digital technologies have greatly increased exposure to advanced cyber adversaries and operational vulnerabilities. AI-powered governance and automated decision-making systems are becoming a key part of the operation of critical infrastructure systems, including energy, healthcare, transportation, financial services, and communication infrastructure, in order to improve efficiency and strategic management. The growing cyber threat environment, such as Distributed Denial of Service (DDos) attacks, botnets, ransomware, and Advanced Persistent Threats (APTs) pose significant challenges to infrastructure resilience, cyber security reliability, and governance trustworthiness. In a changing attack landscape and dynamic network environment, traditional cybersecurity mechanisms can often fall short of meeting the evolving needs and protecting critical systems. This study will develop a resilient cyber risk analytics and model reliability assessment framework to support intelligent governance and decision support for cyber risk exposure in the U.S. critical infrastructure environment. This study is based on the CICIDS2017 dataset for the development and testing of intrusion detection system models and cyber risk prediction models based on machine learning. Various classifiers like XGBoost, Random Forest, and Decision Tree are used to detect malicious activities on the network and determine the level of cyber risk. Furthermore, the Explainable Artificial Intelligence (XAI) techniques are integrated to enhance transparency, interpretability, and trust in cybersecurity decision-making processes. The proposed framework presents the reliability and resilience of the model by having various performance measures such as accuracy, precision, recall, F1 score, ROC-AUC, and false positive rate.",B. M. Taslimul Haque; Md. Arifur Rahman; Md. Serajul Kabir Chowdhury Rubel; Md. Iqbal Hossan,2026,arXiv,10.25163/engineering.2110762,http://arxiv.org/abs/2606.05710v1,,2026-06-04T05:05:14Z,accepted,
arxiv,2212.13261,"Explainable AI for Bioinformatics: Methods, Tools, and Applications","Artificial intelligence (AI) systems utilizing deep neural networks (DNNs) and machine learning (ML) algorithms are widely used for solving important problems in bioinformatics, biomedical informatics, and precision medicine. However, complex DNNs or ML models, which are often perceived as opaque and black-box, can make it difficult to understand the reasoning behind their decisions. This lack of transparency can be a challenge for both end-users and decision-makers, as well as AI developers. Additionally, in sensitive areas like healthcare, explainability and accountability are not only desirable but also legally required for AI systems that can have a significant impact on human lives. Fairness is another growing concern, as algorithmic decisions should not show bias or discrimination towards certain groups or individuals based on sensitive attributes. Explainable artificial intelligence (XAI) aims to overcome the opaqueness of black-box models and provide transparency in how AI systems make decisions. Interpretable ML models can explain how they make predictions and the factors that influence their outcomes. However, most state-of-the-art interpretable ML methods are domain-agnostic and evolved from fields like computer vision, automated reasoning, or statistics, making direct application to bioinformatics problems challenging without customization and domain-specific adaptation. In this paper, we discuss the importance of explainability in the context of bioinformatics, provide an overview of model-specific and model-agnostic interpretable ML methods and tools, and outline their potential caveats and drawbacks. Besides, we discuss how to customize existing interpretable ML methods for bioinformatics problems. Nevertheless, we demonstrate how XAI methods can improve transparency through case studies in bioimaging, cancer genomics, and text mining.",Md. Rezaul Karim; Tanhim Islam; Oya Beyan; Christoph Lange; Michael Cochez; Dietrich Rebholz-Schuhmann; Stefan Decker,2022,arXiv,,http://arxiv.org/abs/2212.13261v3,,2022-12-25T21:00:36Z,accepted,
arxiv,2511.08361,From Confusion to Clarity: ProtoScore -- A Framework for Evaluating Prototype-Based XAI,"The complexity and opacity of neural networks (NNs) pose significant challenges, particularly in high-stakes fields such as healthcare, finance, and law, where understanding decision-making processes is crucial. To address these issues, the field of explainable artificial intelligence (XAI) has developed various methods aimed at clarifying AI decision-making, thereby facilitating appropriate trust and validating the fairness of outcomes. Among these methods, prototype-based explanations offer a promising approach that uses representative examples to elucidate model behavior. However, a critical gap exists regarding standardized benchmarks to objectively compare prototype-based XAI methods, especially in the context of time series data. This lack of reliable benchmarks results in subjective evaluations, hindering progress in the field. We aim to establish a robust framework, ProtoScore, for assessing prototype-based XAI methods across different data types with a focus on time series data, facilitating fair and comprehensive evaluations. By integrating the Co-12 properties of Nauta et al., this framework allows for effectively comparing prototype methods against each other and against other XAI methods, ultimately assisting practitioners in selecting appropriate explanation methods while minimizing the costs associated with user studies. All code is publicly available at https://github.com/HelenaM23/ProtoScore .",Helena Monke; Benjamin Sae-Chew; Benjamin Fresz; Marco F. Huber,2025,arXiv,10.1145/3715275.3732151,http://arxiv.org/abs/2511.08361v1,,2025-11-11T15:38:29Z,accepted,
arxiv,2506.07228,Transfer Learning and Explainable AI for Brain Tumor Classification: A Study Using MRI Data from Bangladesh,"Brain tumors, regardless of being benign or malignant, pose considerable health risks, with malignant tumors being more perilous due to their swift and uncontrolled proliferation, resulting in malignancy. Timely identification is crucial for enhancing patient outcomes, particularly in nations such as Bangladesh, where healthcare infrastructure is constrained. Manual MRI analysis is arduous and susceptible to inaccuracies, rendering it inefficient for prompt diagnosis. This research sought to tackle these problems by creating an automated brain tumor classification system utilizing MRI data obtained from many hospitals in Bangladesh. Advanced deep learning models, including VGG16, VGG19, and ResNet50, were utilized to classify glioma, meningioma, and various brain cancers. Explainable AI (XAI) methodologies, such as Grad-CAM and Grad-CAM++, were employed to improve model interpretability by emphasizing the critical areas in MRI scans that influenced the categorization. VGG16 achieved the most accuracy, attaining 99.17%. The integration of XAI enhanced the system's transparency and stability, rendering it more appropriate for clinical application in resource-limited environments such as Bangladesh. This study highlights the capability of deep learning models, in conjunction with explainable artificial intelligence (XAI), to enhance brain tumor detection and identification in areas with restricted access to advanced medical technologies.",Shuvashis Sarker,2025,arXiv,10.1109/STI64222.2024.10951092,http://arxiv.org/abs/2506.07228v1,,2025-06-08T17:26:13Z,accepted,
arxiv,2408.12420,Dataset | Mindset = Explainable AI | Interpretable AI,"We often use ""explainable"" Artificial Intelligence (XAI)"" and ""interpretable AI (IAI)"" interchangeably when we apply various XAI tools for a given dataset to explain the reasons that underpin machine learning (ML) outputs. However, these notions can sometimes be confusing because interpretation often has a subjective connotation, while explanations lean towards objective facts. We argue that XAI is a subset of IAI. The concept of IAI is beyond the sphere of a dataset. It includes the domain of a mindset. At the core of this ambiguity is the duality of reasons, in which we can reason either outwards or inwards. When directed outwards, we want the reasons to make sense through the laws of nature. When turned inwards, we want the reasons to be happy, guided by the laws of the heart. While XAI and IAI share reason as the common notion for the goal of transparency, clarity, fairness, reliability, and accountability in the context of ethical AI and trustworthy AI (TAI), their differences lie in that XAI emphasizes the post-hoc analysis of a dataset, and IAI requires a priori mindset of abstraction. This hypothesis can be proved by empirical experiments based on an open dataset and harnessed by High-Performance Computing (HPC). The demarcation of XAI and IAI is indispensable because it would be impossible to determine regulatory policies for many AI applications, especially in healthcare, human resources, banking, and finance. We aim to clarify these notions and lay the foundation of XAI, IAI, EAI, and TAI for many practitioners and policymakers in future AI applications and research.",Caesar Wu; Rajkumar Buyya; Yuan Fang Li; Pascal Bouvry,2024,arXiv,,http://arxiv.org/abs/2408.12420v1,,2024-08-22T14:12:53Z,accepted,
arxiv,2012.00093,Why model why? Assessing the strengths and limitations of LIME,"When it comes to complex machine learning models, commonly referred to as black boxes, understanding the underlying decision making process is crucial for domains such as healthcare and financial services, and also when it is used in connection with safety critical systems such as autonomous vehicles. As such interest in explainable artificial intelligence (xAI) tools and techniques has increased in recent years. However, the effectiveness of existing xAI frameworks, especially concerning algorithms that work with data as opposed to images, is still an open research question. In order to address this gap, in this paper we examine the effectiveness of the Local Interpretable Model-Agnostic Explanations (LIME) xAI framework, one of the most popular model agnostic frameworks found in the literature, with a specific focus on its performance in terms of making tabular models more interpretable. In particular, we apply several state of the art machine learning algorithms on a tabular dataset, and demonstrate how LIME can be used to supplement conventional performance assessment methods. In addition, we evaluate the understandability of the output produced by LIME both via a usability study, involving participants who are not familiar with LIME, and its overall usability via an assessment framework, which is derived from the International Organisation for Standardisation 9241-11:1998 standard.",Jürgen Dieber; Sabrina Kirrane,2020,arXiv,,http://arxiv.org/abs/2012.00093v1,,2020-11-30T21:08:07Z,accepted,
arxiv,2501.12706,REX: Causal discovery based on machine learning and explainability techniques,"Explainable Artificial Intelligence (XAI) techniques hold significant potential for enhancing the causal discovery process, which is crucial for understanding complex systems in areas like healthcare, economics, and artificial intelligence. However, no causal discovery methods currently incorporate explainability into their models to derive the causal graphs. Thus, in this paper we explore this innovative approach, as it offers substantial potential and represents a promising new direction worth investigating. Specifically, we introduce ReX, a causal discovery method that leverages machine learning (ML) models coupled with explainability techniques, specifically Shapley values, to identify and interpret significant causal relationships among variables. Comparative evaluations on synthetic datasets comprising continuous tabular data reveal that ReX outperforms state-of-the-art causal discovery methods across diverse data generation processes, including non-linear and additive noise models. Moreover, ReX was tested on the Sachs single-cell protein-signaling dataset, achieving a precision of 0.952 and recovering key causal relationships with no incorrect edges. Taking together, these results showcase ReX's effectiveness in accurately recovering true causal structures while minimizing false positive predictions, its robustness across diverse datasets, and its applicability to real-world problems. By combining ML and explainability techniques with causal discovery, ReX bridges the gap between predictive modeling and causal inference, offering an effective tool for understanding complex causal structures.",Jesus Renero; Idoia Ochoa; Roberto Maestre,2025,arXiv,10.1016/j.patcog.2025.112491,http://arxiv.org/abs/2501.12706v3,,2025-01-22T08:23:10Z,accepted,
arxiv,2306.11985,Evaluation of Popular XAI Applied to Clinical Prediction Models: Can They be Trusted?,"The absence of transparency and explainability hinders the clinical adoption of Machine learning (ML) algorithms. Although various methods of explainable artificial intelligence (XAI) have been suggested, there is a lack of literature that delves into their practicality and assesses them based on criteria that could foster trust in clinical environments. To address this gap this study evaluates two popular XAI methods used for explaining predictive models in the healthcare context in terms of whether they (i) generate domain-appropriate representation, i.e. coherent with respect to the application task, (ii) impact clinical workflow and (iii) are consistent. To that end, explanations generated at the cohort and patient levels were analysed. The paper reports the first benchmarking of the XAI methods applied to risk prediction models obtained by evaluating the concordance between generated explanations and the trigger of a future clinical deterioration episode recorded by the data collection system. We carried out an analysis using two Electronic Medical Records (EMR) datasets sourced from Australian major hospitals. The findings underscore the limitations of state-of-the-art XAI methods in the clinical context and their potential benefits. We discuss these limitations and contribute to the theoretical development of trustworthy XAI solutions where clinical decision support guides the choice of intervention by suggesting the pattern or drivers for clinical deterioration in the future.",Aida Brankovic; David Cook; Jessica Rahman; Wenjie Huang; Sankalp Khanna,2023,arXiv,,http://arxiv.org/abs/2306.11985v1,,2023-06-21T02:29:30Z,accepted,
arxiv,2503.06463,AXAI-CDSS : An Affective Explainable AI-Driven Clinical Decision Support System for Cannabis Use,"As cannabis use has increased in recent years, researchers have come to rely on sophisticated machine learning models to predict cannabis use behavior and its impact on health. However, many artificial intelligence (AI) models lack transparency and interpretability due to their opaque nature, limiting their trust and adoption in real-world medical applications, such as clinical decision support systems (CDSS). To address this issue, this paper enhances algorithm explainability underlying CDSS by integrating multiple Explainable Artificial Intelligence (XAI) methods and applying causal inference techniques to clarify the model' predictive decisions under various scenarios. By providing deeper interpretability of the XAI outputs using Large Language Models (LLMs), we provide users with more personalized and accessible insights to overcome the challenges posed by AI's ""black box"" nature. Our system dynamically adjusts feedback based on user queries and emotional states, combining text-based sentiment analysis with real-time facial emotion recognition to ensure responses are empathetic, context-adaptive, and user-centered. This approach bridges the gap between the learning demands of interpretability and the need for intuitive understanding, enabling non-technical users such as clinicians and clinical researchers to interact effectively with AI models.} Ultimately, this approach improves usability, enhances perceived trustworthiness, and increases the impact of CDSS in healthcare applications.",Tongze Zhang; Tammy Chung; Anind Dey; Sang Won Bae,2025,arXiv,,http://arxiv.org/abs/2503.06463v1,,2025-03-09T05:40:44Z,accepted,
